date,geo,search_volume,impressions,observed_clicks,dayofyear,time,budget
2020-01-01,geo_0,17720,2205,210,1,0,30.334719185771235
2020-01-01,geo_1,14661,1909,192,1,0,29.94393677819433
2020-01-01,geo_2,18461,2226,238,1,0,29.043329832638598
2020-01-01,geo_3,23102,2809,284,1,0,29.517477209711913
2020-01-01,geo_4,14321,1834,177,1,0,30.448249835100086
2020-01-01,geo_5,14181,1741,173,1,0,28.629786788982535
2020-01-01,geo_6,23463,3011,320,1,0,30.593713575841004
2020-01-01,geo_7,19075,2386,244,1,0,30.26061499532227
2020-01-01,geo_8,13002,1667,151,1,0,30.658088040765012
2020-01-01,geo_9,17850,2184,208,1,0,29.900715406559524
2020-01-02,geo_0,20003,2533,194,2,1,29.390537454360334
2020-01-02,geo_1,17257,2157,185,2,1,30.245091430529698
2020-01-02,geo_2,20423,2521,245,2,1,29.767308098431183
2020-01-02,geo_3,25088,3072,291,2,1,30.067251643839644
2020-01-02,geo_4,16356,2035,188,2,1,30.20279502541941
2020-01-02,geo_5,16022,1994,172,2,1,28.759058272878583
2020-01-02,geo_6,25810,3290,285,2,1,30.41475809812937
2020-01-02,geo_7,21158,2643,210,2,1,29.93773729126614
2020-01-02,geo_8,14820,1893,155,2,1,31.2214713766367
2020-01-02,geo_9,20807,2558,210,2,1,29.388509906935663
2020-01-03,geo_0,20885,2573,156,3,2,29.030278326298095
2020-01-03,geo_1,17749,2274,158,3,2,29.779179241131303
2020-01-03,geo_2,21251,2608,198,3,2,29.10896434073735
2020-01-03,geo_3,25318,3213,217,3,2,30.228001749308447
2020-01-03,geo_4,16970,2138,157,3,2,30.869564655475205
2020-01-03,geo_5,16827,2107,143,3,2,28.752638014693016
2020-01-03,geo_6,25628,3090,242,3,2,29.749476355439114
2020-01-03,geo_7,21827,2685,197,3,2,30.444593543084597
2020-01-03,geo_8,15312,1962,137,3,2,32.15013817877269
2020-01-03,geo_9,21228,2565,167,3,2,29.152077566244188
2020-01-04,geo_0,19007,2368,137,4,3,28.87790627324513
2020-01-04,geo_1,16074,2023,102,4,3,30.123364556237124
2020-01-04,geo_2,19584,2372,146,4,3,30.006937598438753
2020-01-04,geo_3,24535,3073,213,4,3,30.055886269896234
2020-01-04,geo_4,15678,1935,122,4,3,30.28961199971849
2020-01-04,geo_5,15220,1873,114,4,3,29.15461956673559
2020-01-04,geo_6,25004,3053,162,4,3,30.236861328853998
2020-01-04,geo_7,20722,2657,149,4,3,30.534799937291837
2020-01-04,geo_8,14852,1864,99,4,3,31.957141005674373
2020-01-04,geo_9,19841,2466,132,4,3,29.736211863588576
2020-01-05,geo_0,17091,2109,105,5,4,29.229212795275437
2020-01-05,geo_1,14660,1813,94,5,4,29.825882810255806
2020-01-05,geo_2,17606,2231,112,5,4,30.11890536668347
2020-01-05,geo_3,21929,2756,153,5,4,29.468221492347602
2020-01-05,geo_4,12749,1598,86,5,4,30.719210109911984
2020-01-05,geo_5,13275,1651,82,5,4,29.110155678245167
2020-01-05,geo_6,22628,2738,128,5,4,30.10724446222978
2020-01-05,geo_7,18034,2309,125,5,4,30.60588784261155
2020-01-05,geo_8,12500,1577,67,5,4,32.063744064612244
2020-01-05,geo_9,17235,2177,128,5,4,30.271005441501686
2020-01-06,geo_0,15659,1935,156,6,5,29.612556807106298
2020-01-06,geo_1,12689,1569,133,6,5,29.834921180178327
2020-01-06,geo_2,16083,2066,164,6,5,30.58867084143974
2020-01-06,geo_3,21100,2687,261,6,5,29.757294597566666
2020-01-06,geo_4,11733,1447,101,6,5,30.59306968467043
2020-01-06,geo_5,12625,1574,127,6,5,29.13495600633802
2020-01-06,geo_6,21551,2664,208,6,5,30.121887346984792
2020-01-06,geo_7,16879,2157,185,6,5,30.94655527166578
2020-01-06,geo_8,10390,1362,107,6,5,31.96718728692579
2020-01-06,geo_9,16109,2013,173,6,5,30.16363985580459
2020-01-07,geo_0,16716,2105,228,7,6,30.68537034346016
2020-01-07,geo_1,13172,1676,189,7,6,30.3926640393136
2020-01-07,geo_2,17408,2191,232,7,6,30.296939005719544
2020-01-07,geo_3,20800,2579,270,7,6,30.132112270755613
2020-01-07,geo_4,12563,1544,149,7,6,30.740035613509367
2020-01-07,geo_5,12168,1518,133,7,6,29.418522504392737
2020-01-07,geo_6,22086,2843,270,7,6,30.27995539747663
2020-01-07,geo_7,18103,2293,249,7,6,31.630051211826995
2020-01-07,geo_8,11292,1511,158,7,6,32.2275820077234
2020-01-07,geo_9,16101,2037,200,7,6,30.22107094138864
2020-01-08,geo_0,18142,2324,243,8,7,31.29566146283744
2020-01-08,geo_1,14841,1909,200,8,7,30.59793781081258
2020-01-08,geo_2,19199,2417,273,8,7,30.447008890831423
2020-01-08,geo_3,23538,3062,324,8,7,30.379239547420788
2020-01-08,geo_4,15049,1875,211,8,7,30.781777405829743
2020-01-08,geo_5,14545,1818,190,8,7,29.51168231943136
2020-01-08,geo_6,23283,2877,314,8,7,30.076774722564757
2020-01-08,geo_7,19933,2594,288,8,7,31.343905231519717
2020-01-08,geo_8,13567,1837,162,8,7,31.81663499540248
2020-01-08,geo_9,18403,2283,241,8,7,29.61431603087412
2020-01-09,geo_0,20642,2621,283,9,8,30.94588306481111
2020-01-09,geo_1,17207,2187,228,9,8,30.600314398028868
2020-01-09,geo_2,21068,2658,266,9,8,30.58878406558591
2020-01-09,geo_3,25407,3255,358,9,8,30.334600817057254
2020-01-09,geo_4,16138,2034,221,9,8,29.693349975943775
2020-01-09,geo_5,16391,2048,211,9,8,30.38839982817172
2020-01-09,geo_6,25007,3192,373,9,8,30.711075481445558
2020-01-09,geo_7,21816,2730,300,9,8,31.65710963605007
2020-01-09,geo_8,15065,1908,215,9,8,32.85959446005791
2020-01-09,geo_9,20317,2489,258,9,8,29.215755562374223
2020-01-10,geo_0,21244,2747,199,10,9,31.98078233655558
2020-01-10,geo_1,17442,2207,161,10,9,30.20821752250966
2020-01-10,geo_2,21111,2720,225,10,9,30.799377361125977
2020-01-10,geo_3,26299,3320,241,10,9,29.789708516788995
2020-01-10,geo_4,16816,2188,166,10,9,29.79112043881284
2020-01-10,geo_5,16931,2115,180,10,9,30.67190650711332
2020-01-10,geo_6,26062,3301,256,10,9,30.72580839583751
2020-01-10,geo_7,21776,2809,237,10,9,32.105381994083565
2020-01-10,geo_8,16401,2165,167,10,9,32.99931256477164
2020-01-10,geo_9,21442,2586,204,10,9,29.045676678704965
2020-01-11,geo_0,19588,2578,120,11,10,31.789589056943214
2020-01-11,geo_1,16434,2148,111,11,10,30.705304108098257
2020-01-11,geo_2,20656,2549,114,11,10,30.564859049238756
2020-01-11,geo_3,24414,3050,162,11,10,30.340574654897623
2020-01-11,geo_4,16346,2037,104,11,10,30.4940182137518
2020-01-11,geo_5,15862,1999,119,11,10,29.92909146949238
2020-01-11,geo_6,25116,3141,171,11,10,31.38548859971958
2020-01-11,geo_7,21297,2763,138,11,10,33.22805670140578
2020-01-11,geo_8,14452,1815,87,11,10,33.21664115988372
2020-01-11,geo_9,19286,2332,115,11,10,29.43747443637854
2020-01-12,geo_0,16970,2225,133,12,11,32.40155005734595
2020-01-12,geo_1,14088,1771,113,12,11,30.660429728543058
2020-01-12,geo_2,18273,2354,139,12,11,30.749598703941942
2020-01-12,geo_3,22849,2838,176,12,11,29.777897344882696
2020-01-12,geo_4,13291,1658,93,12,11,30.656113499638778
2020-01-12,geo_5,13792,1696,91,12,11,30.27092525416846
2020-01-12,geo_6,22789,2923,166,12,11,31.738045630213733
2020-01-12,geo_7,18306,2442,143,12,11,33.85448075516001
2020-01-12,geo_8,12205,1631,93,12,11,32.92179977352897
2020-01-12,geo_9,17419,2137,130,12,11,29.264672252890673
2020-01-13,geo_0,16357,2145,175,13,12,33.44412316290543
2020-01-13,geo_1,12602,1538,140,13,12,30.679484798766847
2020-01-13,geo_2,16739,2147,187,13,12,30.944578291333784
2020-01-13,geo_3,21445,2588,219,13,12,29.840189914216893
2020-01-13,geo_4,12434,1560,155,13,12,30.33940204092128
2020-01-13,geo_5,12846,1666,146,13,12,31.176818829503247
2020-01-13,geo_6,21981,2762,258,13,12,31.57004635149337
2020-01-13,geo_7,17215,2247,203,13,12,33.3859144693623
2020-01-13,geo_8,11213,1470,124,13,12,32.79033734452502
2020-01-13,geo_9,15959,1960,168,13,12,28.358682165371313
2020-01-14,geo_0,16375,2138,178,14,13,33.21477373220434
2020-01-14,geo_1,12777,1552,131,14,13,30.291105290741566
2020-01-14,geo_2,17582,2125,172,14,13,31.349732398116284
2020-01-14,geo_3,21913,2683,254,14,13,29.600770468617117
2020-01-14,geo_4,12500,1595,135,14,13,30.87889709232772
2020-01-14,geo_5,12856,1586,140,14,13,31.971653925349187
2020-01-14,geo_6,22342,2865,281,14,13,32.057976368268946
2020-01-14,geo_7,17532,2312,210,14,13,33.3747756683987
2020-01-14,geo_8,11494,1438,120,14,13,32.956262990354354
2020-01-14,geo_9,16798,1967,171,14,13,27.69252815419135
2020-01-15,geo_0,19135,2580,250,15,14,33.24576442944639
2020-01-15,geo_1,15243,1849,184,15,14,29.958146889951706
2020-01-15,geo_2,19315,2475,224,15,14,31.79492385810755
2020-01-15,geo_3,23916,3032,315,15,14,30.98603678115676
2020-01-15,geo_4,14676,1902,163,15,14,31.22597552574625
2020-01-15,geo_5,15145,1895,182,15,14,31.073251482256236
2020-01-15,geo_6,23949,3135,287,15,14,31.97630696473404
2020-01-15,geo_7,20058,2552,244,15,14,33.53416685593149
2020-01-15,geo_8,13895,1887,160,15,14,33.096880931427584
2020-01-15,geo_9,19026,2236,183,15,14,27.425046859311205
2020-01-16,geo_0,20248,2604,239,16,15,33.46798521748749
2020-01-16,geo_1,17905,2221,257,16,15,29.4358411121241
2020-01-16,geo_2,21353,2797,272,16,15,31.422194859644886
2020-01-16,geo_3,25589,3211,348,16,15,31.409537733907243
2020-01-16,geo_4,16472,2091,200,16,15,30.816993719313043
2020-01-16,geo_5,17069,2143,204,16,15,31.441207110238004
2020-01-16,geo_6,26079,3330,369,16,15,31.392233746489918
2020-01-16,geo_7,21524,2916,298,16,15,34.51642464955818
2020-01-16,geo_8,15540,2000,189,16,15,32.8083634383428
2020-01-16,geo_9,20694,2453,250,16,15,27.412834151605637
2020-01-17,geo_0,21178,2667,182,17,16,33.73466679345677
2020-01-17,geo_1,17422,2102,131,17,16,29.25389941162432
2020-01-17,geo_2,21937,2756,187,17,16,31.595425951396564
2020-01-17,geo_3,26030,3313,231,17,16,31.799636825920402
2020-01-17,geo_4,17633,2262,162,17,16,31.39793706540656
2020-01-17,geo_5,17138,2152,162,17,16,31.93759257458858
2020-01-17,geo_6,26363,3414,231,17,16,31.40880680350609
2020-01-17,geo_7,21945,2964,197,17,16,34.54475852261884
2020-01-17,geo_8,16484,2274,150,17,16,34.08331790625122
2020-01-17,geo_9,21793,2589,195,17,16,27.98920011805625
2020-01-18,geo_0,19801,2623,158,18,17,33.377032287612906
2020-01-18,geo_1,17172,2117,142,18,17,29.40651710473731
2020-01-18,geo_2,20706,2580,181,18,17,31.531287744386635
2020-01-18,geo_3,24890,3184,216,18,17,31.8363124405315
2020-01-18,geo_4,16278,2086,154,18,17,30.885714740117336
2020-01-18,geo_5,15861,2029,122,18,17,31.83415622779279
2020-01-18,geo_6,24698,3080,167,18,17,32.418986060981005
2020-01-18,geo_7,21411,2853,181,18,17,34.93785396713442
2020-01-18,geo_8,15320,2065,121,18,17,32.940021475926144
2020-01-18,geo_9,20536,2536,172,18,17,28.70088654588496
2020-01-19,geo_0,17532,2260,145,19,18,34.02712576194216
2020-01-19,geo_1,14195,1741,100,19,18,29.33148678623644
2020-01-19,geo_2,18788,2381,138,19,18,31.995357293084993
2020-01-19,geo_3,23237,2992,196,19,18,31.512977603606714
2020-01-19,geo_4,14436,1814,102,19,18,30.7550989519176
2020-01-19,geo_5,14300,1827,121,19,18,32.68794149521971
2020-01-19,geo_6,23068,3115,201,19,18,32.38954558519464
2020-01-19,geo_7,18717,2491,162,19,18,34.10855224630992
2020-01-19,geo_8,12500,1625,110,19,18,33.01263628475516
2020-01-19,geo_9,18257,2205,125,19,18,28.76691933933163
2020-01-20,geo_0,16412,2152,141,20,19,34.733685646242044
2020-01-20,geo_1,12826,1588,86,20,19,29.4453509451198
2020-01-20,geo_2,16788,2225,145,20,19,31.892103969062887
2020-01-20,geo_3,21475,2789,190,20,19,32.14398896293632
2020-01-20,geo_4,12235,1545,108,20,19,30.922087755244036
2020-01-20,geo_5,12586,1669,84,20,19,32.41952385901305
2020-01-20,geo_6,21784,2894,179,20,19,33.075588618424774
2020-01-20,geo_7,17952,2320,147,20,19,34.313049809854604
2020-01-20,geo_8,11640,1456,102,20,19,33.12044241273356
2020-01-20,geo_9,16331,1996,133,20,19,28.963298373236583
2020-01-21,geo_0,17159,2272,200,21,20,34.307915747125826
2020-01-21,geo_1,13660,1721,148,21,20,29.29039483814471
2020-01-21,geo_2,17727,2411,195,21,20,32.00362509550857
2020-01-21,geo_3,22449,2991,264,21,20,32.15735166762024
2020-01-21,geo_4,13437,1725,145,21,20,31.667068382618822
2020-01-21,geo_5,13632,1759,138,21,20,32.63699323920007
2020-01-21,geo_6,22634,2953,260,21,20,33.613797340888
2020-01-21,geo_7,18228,2515,237,21,20,34.427608788661374
2020-01-21,geo_8,11901,1595,146,21,20,33.757097441212444
2020-01-21,geo_9,16954,2061,182,21,20,29.271676780354298
2020-01-22,geo_0,18820,2527,208,22,21,34.42646689397771
2020-01-22,geo_1,15521,1865,133,22,21,29.394886282113188
2020-01-22,geo_2,20254,2669,210,22,21,31.6384156651632
2020-01-22,geo_3,23848,3067,251,22,21,32.523804183045854
2020-01-22,geo_4,15736,2081,159,22,21,31.757992490481072
2020-01-22,geo_5,15344,2017,191,22,21,32.497023752467975
2020-01-22,geo_6,24842,3295,255,22,21,34.28008638322935
2020-01-22,geo_7,20243,2701,207,22,21,33.91464486642074
2020-01-22,geo_8,14246,1926,150,22,21,33.65661500717166
2020-01-22,geo_9,19307,2433,192,22,21,29.89742834511567
2020-01-23,geo_0,20689,2727,225,23,22,34.69842977834403
2020-01-23,geo_1,17943,2255,172,23,22,29.48443537524205
2020-01-23,geo_2,21577,2806,230,23,22,31.87829139574355
2020-01-23,geo_3,25565,3327,287,23,22,32.72889078470396
2020-01-23,geo_4,17481,2257,177,23,22,31.113031012909875
2020-01-23,geo_5,17106,2225,186,23,22,32.43576262397857
2020-01-23,geo_6,26903,3608,245,23,22,35.2037915684596
2020-01-23,geo_7,22649,3000,257,23,22,33.6994937985309
2020-01-23,geo_8,16367,2212,173,23,22,33.61056782639401
2020-01-23,geo_9,21119,2687,236,23,22,29.74087174602604
2020-01-24,geo_0,21064,2835,251,24,23,34.77156378055247
2020-01-24,geo_1,18654,2323,194,24,23,29.30877727084267
2020-01-24,geo_2,22410,2871,247,24,23,32.23847999264848
2020-01-24,geo_3,27386,3615,309,24,23,32.94539238005634
2020-01-24,geo_4,18475,2348,195,24,23,31.615597046382632
2020-01-24,geo_5,18333,2421,195,24,23,32.02608428581384
2020-01-24,geo_6,26792,3609,304,24,23,35.1515324435738
2020-01-24,geo_7,22677,2974,239,24,23,33.70359029725845
2020-01-24,geo_8,16949,2218,178,24,23,33.953911344274665
2020-01-24,geo_9,21609,2627,236,24,23,29.460956248936704
2020-01-25,geo_0,19887,2701,195,25,24,35.348547826582944
2020-01-25,geo_1,16898,2116,177,25,24,30.02038798492991
2020-01-25,geo_2,21283,2723,207,25,24,31.86338099536467
2020-01-25,geo_3,25444,3355,247,25,24,32.82034230206815
2020-01-25,geo_4,16617,2167,184,25,24,31.467920730019763
2020-01-25,geo_5,16244,2080,155,25,24,33.460566845356254
2020-01-25,geo_6,26093,3475,262,25,24,35.057036416056846
2020-01-25,geo_7,21921,2943,210,25,24,34.66188318218775
2020-01-25,geo_8,15030,1960,145,25,24,33.438606751866295
2020-01-25,geo_9,20563,2549,181,25,24,29.085342550934037
2020-01-26,geo_0,18605,2516,144,26,25,35.126989051958496
2020-01-26,geo_1,15364,1928,106,26,25,29.71851622471498
2020-01-26,geo_2,18978,2394,138,26,25,31.85135905988887
2020-01-26,geo_3,23372,2994,168,26,25,32.588952598334096
2020-01-26,geo_4,14185,1806,118,26,25,31.179106884969844
2020-01-26,geo_5,14268,1881,97,26,25,34.16065981475232
2020-01-26,geo_6,23750,3153,188,26,25,35.792001749057555
2020-01-26,geo_7,19917,2728,164,26,25,35.25860495388576
2020-01-26,geo_8,13633,1796,115,26,25,33.82117911354214
2020-01-26,geo_9,19046,2298,110,26,25,29.253513402307522
2020-01-27,geo_0,16973,2240,140,27,26,35.002869703214905
2020-01-27,geo_1,13631,1724,103,27,26,29.365546083659588
2020-01-27,geo_2,17970,2312,153,27,26,32.15744085612643
2020-01-27,geo_3,22174,2838,167,27,26,32.12781666823193
2020-01-27,geo_4,13387,1641,102,27,26,30.8056365613612
2020-01-27,geo_5,13456,1744,110,27,26,34.86060660410811
2020-01-27,geo_6,22776,3172,192,27,26,36.86807616625975
2020-01-27,geo_7,18007,2352,163,27,26,35.57998574137549
2020-01-27,geo_8,11776,1572,92,27,26,34.49760757407134
2020-01-27,geo_9,16878,2056,124,27,26,29.255042283702426
2020-01-28,geo_0,17573,2355,264,28,27,34.461142469697734
2020-01-28,geo_1,13882,1735,160,28,27,29.797937189378956
2020-01-28,geo_2,18448,2464,286,28,27,32.56938742555231
2020-01-28,geo_3,22512,2907,290,28,27,32.29207207050117
2020-01-28,geo_4,13512,1670,183,28,27,30.810633073788654
2020-01-28,geo_5,13731,1843,215,28,27,35.46789615559531
2020-01-28,geo_6,22499,3071,353,28,27,36.50370294593546
2020-01-28,geo_7,18210,2531,291,28,27,35.32054989021322
2020-01-28,geo_8,13011,1764,205,28,27,34.11944197324299
2020-01-28,geo_9,17326,2122,257,28,27,29.424696912554438
2020-01-29,geo_0,19336,2598,315,29,28,34.0470761089205
2020-01-29,geo_1,16189,2027,239,29,28,29.584874146295103
2020-01-29,geo_2,20501,2670,347,29,28,32.34658602356094
2020-01-29,geo_3,24064,3000,354,29,28,32.29298789369253
2020-01-29,geo_4,15992,2000,243,29,28,30.195880204508292
2020-01-29,geo_5,15272,2168,251,29,28,35.64043302670372
2020-01-29,geo_6,24513,3466,445,29,28,37.258648504612935
2020-01-29,geo_7,21114,2891,317,29,28,35.518527810299766
2020-01-29,geo_8,14758,1974,245,29,28,35.01873384665327
2020-01-29,geo_9,19866,2528,284,29,28,30.221635709131057
2020-01-30,geo_0,21737,2938,313,30,29,34.568645423319225
2020-01-30,geo_1,18906,2339,252,30,29,29.75407890020759
2020-01-30,geo_2,21884,2825,327,30,29,32.490738505482575
2020-01-30,geo_3,26393,3388,356,30,29,32.80895852283577
2020-01-30,geo_4,18020,2275,246,30,29,30.131780351862893
2020-01-30,geo_5,17687,2274,247,30,29,34.83090812470464
2020-01-30,geo_6,26640,3687,384,30,29,37.63879662070055
2020-01-30,geo_7,22375,2941,293,30,29,35.08605502388199
2020-01-30,geo_8,16101,2159,230,30,29,34.6690890479297
2020-01-30,geo_9,22287,2763,310,30,29,30.354510326169606
2020-01-31,geo_0,22101,0,0,31,30,0.0
2020-01-31,geo_1,19065,0,0,31,30,0.0
2020-01-31,geo_2,22592,0,0,31,30,0.0
2020-01-31,geo_3,26916,0,0,31,30,0.0
2020-01-31,geo_4,17941,0,0,31,30,0.0
2020-01-31,geo_5,18140,0,0,31,30,0.0
2020-01-31,geo_6,27350,0,0,31,30,0.0
2020-01-31,geo_7,23876,0,0,31,30,0.0
2020-01-31,geo_8,17411,0,0,31,30,0.0
2020-01-31,geo_9,21811,0,0,31,30,0.0
2020-02-01,geo_0,21175,0,0,32,31,0.0
2020-02-01,geo_1,17704,0,0,32,31,0.0
2020-02-01,geo_2,21447,0,0,32,31,0.0
2020-02-01,geo_3,25935,0,0,32,31,0.0
2020-02-01,geo_4,16957,0,0,32,31,0.0
2020-02-01,geo_5,16685,0,0,32,31,0.0
2020-02-01,geo_6,26064,0,0,32,31,0.0
2020-02-01,geo_7,22282,0,0,32,31,0.0
2020-02-01,geo_8,15480,0,0,32,31,0.0
2020-02-01,geo_9,20696,0,0,32,31,0.0
2020-02-02,geo_0,18118,0,0,33,32,0.0
2020-02-02,geo_1,14868,0,0,33,32,0.0
2020-02-02,geo_2,19721,0,0,33,32,0.0
2020-02-02,geo_3,23927,0,0,33,32,0.0
2020-02-02,geo_4,14855,0,0,33,32,0.0
2020-02-02,geo_5,14422,0,0,33,32,0.0
2020-02-02,geo_6,23891,0,0,33,32,0.0
2020-02-02,geo_7,20169,0,0,33,32,0.0
2020-02-02,geo_8,13514,0,0,33,32,0.0
2020-02-02,geo_9,18581,0,0,33,32,0.0
2020-02-03,geo_0,17309,0,0,34,33,0.0
2020-02-03,geo_1,14229,0,0,34,33,0.0
2020-02-03,geo_2,18220,0,0,34,33,0.0
2020-02-03,geo_3,21964,0,0,34,33,0.0
2020-02-03,geo_4,13606,0,0,34,33,0.0
2020-02-03,geo_5,13685,0,0,34,33,0.0
2020-02-03,geo_6,22608,0,0,34,33,0.0
2020-02-03,geo_7,18995,0,0,34,33,0.0
2020-02-03,geo_8,12581,0,0,34,33,0.0
2020-02-03,geo_9,17283,0,0,34,33,0.0
2020-02-04,geo_0,17614,0,0,35,34,0.0
2020-02-04,geo_1,14821,0,0,35,34,0.0
2020-02-04,geo_2,18157,0,0,35,34,0.0
2020-02-04,geo_3,23233,0,0,35,34,0.0
2020-02-04,geo_4,14664,0,0,35,34,0.0
2020-02-04,geo_5,14433,0,0,35,34,0.0
2020-02-04,geo_6,23293,0,0,35,34,0.0
2020-02-04,geo_7,19267,0,0,35,34,0.0
2020-02-04,geo_8,12935,0,0,35,34,0.0
2020-02-04,geo_9,18048,0,0,35,34,0.0
2020-02-05,geo_0,20081,0,0,36,35,0.0
2020-02-05,geo_1,16628,0,0,36,35,0.0
2020-02-05,geo_2,21094,0,0,36,35,0.0
2020-02-05,geo_3,25678,0,0,36,35,0.0
2020-02-05,geo_4,15934,0,0,36,35,0.0
2020-02-05,geo_5,15626,0,0,36,35,0.0
2020-02-05,geo_6,24622,0,0,36,35,0.0
2020-02-05,geo_7,20700,0,0,36,35,0.0
2020-02-05,geo_8,14520,0,0,36,35,0.0
2020-02-05,geo_9,20130,0,0,36,35,0.0
2020-02-06,geo_0,21316,0,0,37,36,0.0
2020-02-06,geo_1,18790,0,0,37,36,0.0
2020-02-06,geo_2,23201,0,0,37,36,0.0
2020-02-06,geo_3,26330,0,0,37,36,0.0
2020-02-06,geo_4,18481,0,0,37,36,0.0
2020-02-06,geo_5,17907,0,0,37,36,0.0
2020-02-06,geo_6,27256,0,0,37,36,0.0
2020-02-06,geo_7,23713,0,0,37,36,0.0
2020-02-06,geo_8,17134,0,0,37,36,0.0
2020-02-06,geo_9,22495,0,0,37,36,0.0
2020-02-07,geo_0,22755,3019,258,38,37,33.08190007387778
2020-02-07,geo_1,19695,2387,217,38,37,27.469833878339216
2020-02-07,geo_2,22956,3020,247,38,37,33.589135468171584
2020-02-07,geo_3,27486,3451,333,38,37,32.15099900249337
2020-02-07,geo_4,19140,2444,198,38,37,32.272499504448994
2020-02-07,geo_5,19157,2563,214,38,37,36.13514500428544
2020-02-07,geo_6,28367,3884,374,38,37,37.6036002907832
2020-02-07,geo_7,23370,3361,308,38,37,39.798538376442934
2020-02-07,geo_8,17466,2237,226,38,37,33.52136935632664
2020-02-07,geo_9,22850,2950,278,38,37,31.979173282414948
2020-02-08,geo_0,21390,2823,208,39,38,33.2008210555821
2020-02-08,geo_1,18580,2224,156,39,38,28.046008476629165
2020-02-08,geo_2,22472,3008,200,39,38,33.91693176076025
2020-02-08,geo_3,26370,3470,249,39,38,32.56221857498377
2020-02-08,geo_4,17649,2348,164,39,38,32.68063492029135
2020-02-08,geo_5,18039,2492,179,39,38,36.735722210692586
2020-02-08,geo_6,26326,3676,241,39,38,37.90892904090479
2020-02-08,geo_7,22706,3142,199,39,38,40.13791241852626
2020-02-08,geo_8,16312,2144,170,39,38,34.27375623190264
2020-02-08,geo_9,21723,2742,224,39,38,31.806241046204384
2020-02-09,geo_0,18998,2529,149,40,39,32.93550076477002
2020-02-09,geo_1,16303,1900,106,40,39,27.614569782461498
2020-02-09,geo_2,19652,2653,142,40,39,34.17118563745216
2020-02-09,geo_3,23714,2969,158,40,39,31.799580330273866
2020-02-09,geo_4,15911,2192,128,40,39,33.073079265930225
2020-02-09,geo_5,15012,2070,108,40,39,36.842492987544276
2020-02-09,geo_6,24251,3415,179,40,39,38.640569060719656
2020-02-09,geo_7,21088,2965,187,40,39,39.96494541766193
2020-02-09,geo_8,14564,1947,103,40,39,34.33308510208976
2020-02-09,geo_9,19380,2506,124,40,39,32.529968252053415
2020-02-10,geo_0,17930,2389,247,41,40,33.792642187726294
2020-02-10,geo_1,14667,1712,164,41,40,27.439019173360055
2020-02-10,geo_2,18378,2583,262,41,40,34.427900015829906
2020-02-10,geo_3,22674,2851,285,41,40,32.11407147657653
2020-02-10,geo_4,14178,1858,199,41,40,33.42427385608092
2020-02-10,geo_5,14290,1993,223,41,40,36.87557307221214
2020-02-10,geo_6,23876,3456,341,41,40,39.448636427433684
2020-02-10,geo_7,19923,2845,277,41,40,39.186116124510335
2020-02-10,geo_8,12690,1708,172,41,40,34.28650153459961
2020-02-10,geo_9,18282,2267,239,41,40,32.91958314410154
2020-02-11,geo_0,18008,2369,294,42,41,34.18983391641889
2020-02-11,geo_1,15161,1864,242,42,41,28.2829109603652
2020-02-11,geo_2,19068,2585,304,42,41,35.19584673896471
2020-02-11,geo_3,24104,3146,377,42,41,32.14161905158593
2020-02-11,geo_4,14650,1988,232,42,41,34.24156120056535
2020-02-11,geo_5,14109,1897,260,42,41,36.68590395051796
2020-02-11,geo_6,23504,3340,399,42,41,40.08449422328843
2020-02-11,geo_7,20163,2852,353,42,41,40.26041368366612
2020-02-11,geo_8,13676,1923,244,42,41,35.060931959980046
2020-02-11,geo_9,18630,2476,314,42,41,33.14112496299244
2020-02-12,geo_0,20057,2671,376,43,42,34.19550661373858
2020-02-12,geo_1,17700,2221,302,43,42,27.689091464539743
2020-02-12,geo_2,20925,2808,402,43,42,35.522937851549166
2020-02-12,geo_3,25883,3297,475,43,42,31.75734235592002
2020-02-12,geo_4,17164,2209,335,43,42,34.01530663140842
2020-02-12,geo_5,16432,2248,323,43,42,36.26084384076123
2020-02-12,geo_6,25657,3641,525,43,42,40.027727385641896
2020-02-12,geo_7,22280,3189,436,43,42,40.41845614274227
2020-02-12,geo_8,15462,2007,257,43,42,35.36765170268976
2020-02-12,geo_9,20559,2643,350,43,42,33.01251240068875
2020-02-13,geo_0,22770,3027,350,44,43,34.904664237371314
2020-02-13,geo_1,19634,2329,270,44,43,27.758399979220965
2020-02-13,geo_2,23784,3309,377,44,43,35.303856078452185
2020-02-13,geo_3,27828,3492,433,44,43,32.04680456533957
2020-02-13,geo_4,18716,2556,307,44,43,35.170327989215245
2020-02-13,geo_5,18768,2538,341,44,43,36.60166909350668
2020-02-13,geo_6,28225,4097,489,44,43,40.02271473517419
2020-02-13,geo_7,23949,3385,400,44,43,39.82971432530454
2020-02-13,geo_8,17488,2452,294,44,43,35.4307832807959
2020-02-13,geo_9,22953,3013,357,44,43,33.304572260320164
2020-02-14,geo_0,22774,3075,200,45,44,34.88830804837414
2020-02-14,geo_1,19912,2337,158,45,44,27.10201881692562
2020-02-14,geo_2,23466,3193,232,45,44,35.056275722926074
2020-02-14,geo_3,28335,3669,256,45,44,32.953338464891644
2020-02-14,geo_4,18910,2579,198,45,44,36.063470665801425
2020-02-14,geo_5,18776,2529,175,45,44,36.334491712543944
2020-02-14,geo_6,27921,3976,276,45,44,40.538458542375785
2020-02-14,geo_7,24760,3566,243,45,44,39.4183431913836
2020-02-14,geo_8,18439,2530,199,45,44,36.30866958428752
2020-02-14,geo_9,23589,3164,202,45,44,33.60470580586286
2020-02-15,geo_0,22484,3012,215,46,45,35.54344020256024
2020-02-15,geo_1,18628,2151,169,46,45,26.423642237015642
2020-02-15,geo_2,22220,3072,201,46,45,35.57567810839884
2020-02-15,geo_3,27175,3668,259,46,45,33.13167293107722
2020-02-15,geo_4,17891,2458,168,46,45,36.66843357267979
2020-02-15,geo_5,18486,2601,188,46,45,36.97092401246337
2020-02-15,geo_6,26366,3726,279,46,45,40.75362476323605
2020-02-15,geo_7,23685,3316,232,46,45,39.298728578132064
2020-02-15,geo_8,16577,2282,173,46,45,36.87709532130436
2020-02-15,geo_9,22729,2957,199,46,45,33.75502264535972
2020-02-16,geo_0,19676,2665,219,47,46,35.29018880298688
2020-02-16,geo_1,17139,1959,131,47,46,26.145547976396543
2020-02-16,geo_2,20001,2776,208,47,46,35.02051368237249
2020-02-16,geo_3,24994,3232,250,47,46,33.06155771254671
2020-02-16,geo_4,16404,2238,163,47,46,37.40158703374865
2020-02-16,geo_5,16141,2176,163,47,46,37.2416463801965
2020-02-16,geo_6,25432,3692,291,47,46,40.67387525626583
2020-02-16,geo_7,21425,2997,229,47,46,39.88479409671503
2020-02-16,geo_8,14727,2004,177,47,46,36.64223712036631
2020-02-16,geo_9,20159,2643,174,47,46,33.98592284162408
2020-02-17,geo_0,18571,2583,174,48,47,35.38629075921767
2020-02-17,geo_1,15638,1899,118,48,47,26.719853638133227
2020-02-17,geo_2,18664,2531,193,48,47,34.41809753875869
2020-02-17,geo_3,23279,3020,212,48,47,32.82429390419488
2020-02-17,geo_4,15243,2120,156,48,47,36.767027492239414
2020-02-17,geo_5,15184,2142,139,48,47,37.29641133763108
2020-02-17,geo_6,23916,3494,258,48,47,41.46752963358591
2020-02-17,geo_7,20242,2844,210,48,47,39.81849163234653
2020-02-17,geo_8,13410,1854,105,48,47,36.571024633728804
2020-02-17,geo_9,18507,2514,182,48,47,34.607787451220894
2020-02-18,geo_0,19022,2576,255,49,48,36.109199023657865
2020-02-18,geo_1,15944,1904,160,49,48,26.86300760251539
2020-02-18,geo_2,19932,2693,214,49,48,34.94937345432743
2020-02-18,geo_3,23802,3146,265,49,48,32.47639606273139
2020-02-18,geo_4,15907,2260,204,49,48,37.64327450936565
2020-02-18,geo_5,15872,2276,208,49,48,38.55802436550704
2020-02-18,geo_6,24431,3565,320,49,48,41.918824061402454
2020-02-18,geo_7,20626,2883,268,49,48,38.96547066841376
2020-02-18,geo_8,13903,1934,184,49,48,36.47872920899885
2020-02-18,geo_9,19728,2660,257,49,48,35.102920097796265
2020-02-19,geo_0,21335,2943,393,50,49,36.089741537434115
2020-02-19,geo_1,17219,2070,272,50,49,27.689180127848978
2020-02-19,geo_2,22453,3086,402,50,49,35.43502510687534
2020-02-19,geo_3,26211,3367,414,50,49,32.31641561131914
2020-02-19,geo_4,18044,2495,284,50,49,37.84929799083858
2020-02-19,geo_5,17637,2515,356,50,49,38.30099886245068
2020-02-19,geo_6,26655,3795,492,50,49,42.02089752934291
2020-02-19,geo_7,22429,3149,391,50,49,38.87997660732694
2020-02-19,geo_8,16620,2281,292,50,49,37.25555485696025
2020-02-19,geo_9,21658,2929,380,50,49,36.352297854535735
2020-02-20,geo_0,22758,3105,336,51,50,35.56801003342129
2020-02-20,geo_1,19411,2299,283,51,50,26.92020756120021
2020-02-20,geo_2,23787,3266,371,51,50,35.50659446256685
2020-02-20,geo_3,28778,3787,437,51,50,31.753070312486983
2020-02-20,geo_4,19904,2846,354,51,50,38.06485474119371
2020-02-20,geo_5,18850,2632,312,51,50,38.86791789946949
2020-02-20,geo_6,28989,4336,494,51,50,42.96394110085323
2020-02-20,geo_7,24433,3443,401,51,50,39.1750620864544
2020-02-20,geo_8,18715,2617,283,51,50,37.350975847977246
2020-02-20,geo_9,23768,3244,351,51,50,35.55705695729499
2020-02-21,geo_0,23853,3204,387,52,51,35.77746602184256
2020-02-21,geo_1,20921,2567,297,52,51,27.150971690231234
2020-02-21,geo_2,24471,3252,380,52,51,36.022732965859
2020-02-21,geo_3,28781,3691,438,52,51,31.59721536128724
2020-02-21,geo_4,19658,2796,328,52,51,38.0422619302687
2020-02-21,geo_5,20470,2857,320,52,51,38.323850293014054
2020-02-21,geo_6,29467,4285,520,52,51,42.01679528915953
2020-02-21,geo_7,25682,3672,399,52,51,38.817709271269514
2020-02-21,geo_8,19434,2653,308,52,51,36.76028824989421
2020-02-21,geo_9,23950,3261,403,52,51,35.92186656402893
2020-02-22,geo_0,23008,3118,257,53,52,35.71717928474196
2020-02-22,geo_1,19818,2432,173,53,52,27.079375203324794
2020-02-22,geo_2,23451,3107,215,53,52,35.72960706798323
2020-02-22,geo_3,27400,3425,234,53,52,30.18176355451692
2020-02-22,geo_4,18814,2604,172,53,52,38.99375007146159
2020-02-22,geo_5,18378,2493,141,53,52,38.02104783084243
2020-02-22,geo_6,28248,4025,260,53,52,42.01152902817054
2020-02-22,geo_7,23822,3335,218,53,52,38.28958234809185
2020-02-22,geo_8,17334,2455,164,53,52,37.443122368917734
2020-02-22,geo_9,22877,3158,233,53,52,36.192452477268695
2020-02-23,geo_0,20747,2758,141,54,53,35.505104017428756
2020-02-23,geo_1,17104,2094,120,54,53,27.083094830202686
2020-02-23,geo_2,20756,2905,176,54,53,36.77010825429873
2020-02-23,geo_3,25564,3251,160,54,53,30.34846083835754
2020-02-23,geo_4,16836,2424,134,54,53,39.1025262076592
2020-02-23,geo_5,17282,2513,162,54,53,37.75000002555529
2020-02-23,geo_6,25821,3773,203,54,53,41.267534638448936
2020-02-23,geo_7,22265,3163,173,54,53,38.41121556328678
2020-02-23,geo_8,15499,2162,122,54,53,37.805038580720456
2020-02-23,geo_9,20824,2893,198,54,53,36.94344430535755
2020-02-24,geo_0,19509,2602,211,55,54,34.584194559988376
2020-02-24,geo_1,15935,1891,170,55,54,26.722598409492946
2020-02-24,geo_2,19706,2644,227,55,54,36.68338374020214
2020-02-24,geo_3,24075,3015,247,55,54,30.552156867828714
2020-02-24,geo_4,16029,2389,196,55,54,39.23186745201321
2020-02-24,geo_5,15554,2142,175,55,54,37.89101380597048
2020-02-24,geo_6,24786,3589,289,55,54,41.67713457419981
2020-02-24,geo_7,20232,2810,259,55,54,38.163459043508276
2020-02-24,geo_8,13849,1973,158,55,54,38.47349293592296
2020-02-24,geo_9,18842,2648,202,55,54,37.36360257987758
2020-02-25,geo_0,19461,2605,346,56,55,34.6297472374245
2020-02-25,geo_1,16618,1951,237,56,55,27.727220665740596
2020-02-25,geo_2,20450,2774,343,56,55,37.66737100704302
2020-02-25,geo_3,24686,3146,370,56,55,31.22619297195918
2020-02-25,geo_4,16547,2298,291,56,55,37.92656164581266
2020-02-25,geo_5,16005,2138,265,56,55,38.884458964900574
2020-02-25,geo_6,25232,3714,470,56,55,42.28221892405915
2020-02-25,geo_7,21493,3043,373,56,55,39.37268917182635
2020-02-25,geo_8,14467,2088,259,56,55,39.2957183848537
2020-02-25,geo_9,20117,2887,372,56,55,38.35833694872846
2020-02-26,geo_0,22280,2972,328,57,56,35.27656633056999
2020-02-26,geo_1,19202,2276,254,57,56,28.607745579900097
2020-02-26,geo_2,22211,3144,344,57,56,38.872238041325176
2020-02-26,geo_3,27365,3490,387,57,56,31.544102494053643
2020-02-26,geo_4,18210,2512,295,57,56,37.34642708089162
2020-02-26,geo_5,18065,2615,277,57,56,38.936709255828475
2020-02-26,geo_6,26925,4004,475,57,56,42.68694168729462
2020-02-26,geo_7,23629,3339,365,57,56,39.61818711574262
2020-02-26,geo_8,16825,2343,281,57,56,38.87793396288119
2020-02-26,geo_9,21905,3005,325,57,56,37.75038995239845
2020-02-27,geo_0,23918,3221,362,58,57,35.11538676196189
2020-02-27,geo_1,20596,2586,309,58,57,29.219691680100336
2020-02-27,geo_2,24065,3426,369,58,57,39.87212607424176
2020-02-27,geo_3,28581,3688,411,58,57,32.213948256076655
2020-02-27,geo_4,19814,2828,320,58,57,38.083017619828766
2020-02-27,geo_5,19695,2754,306,58,57,39.104178398755536
2020-02-27,geo_6,29321,4295,447,58,57,42.0275813087388
2020-02-27,geo_7,25220,3565,413,58,57,39.600546252718985
2020-02-27,geo_8,18678,2537,314,58,57,38.95594004943089
2020-02-27,geo_9,23718,3258,363,58,57,37.711361498804166
2020-02-28,geo_0,24763,3269,257,59,58,35.353927771532376
2020-02-28,geo_1,20859,2654,205,59,58,29.650258351860316
2020-02-28,geo_2,25533,3733,319,59,58,40.510146334261464
2020-02-28,geo_3,29299,3822,325,59,58,32.288260574532515
2020-02-28,geo_4,20448,2905,219,59,58,37.34079357553435
2020-02-28,geo_5,20452,2817,233,59,58,39.072395232058646
2020-02-28,geo_6,29732,4377,354,59,58,42.262928670400164
2020-02-28,geo_7,25582,3692,299,59,58,40.42371630975079
2020-02-28,geo_8,19267,2668,205,59,58,38.8811990030903
2020-02-28,geo_9,24509,3466,259,59,58,38.17892373566141
2020-02-29,geo_0,22771,3080,275,60,59,35.71183339904987
2020-02-29,geo_1,20239,2574,227,60,59,29.883722952529
2020-02-29,geo_2,23694,3492,306,60,59,41.188596280945305
2020-02-29,geo_3,28057,3736,313,60,59,32.17289753574633
2020-02-29,geo_4,19451,2704,272,60,59,37.2645119628938
2020-02-29,geo_5,19428,2856,232,60,59,39.277756467385395
2020-02-29,geo_6,27936,4089,379,60,59,42.15803383709226
2020-02-29,geo_7,24860,3702,318,60,59,40.89116117407019
2020-02-29,geo_8,18381,2545,230,60,59,38.73541778708653
2020-02-29,geo_9,22787,3198,274,60,59,38.50503512793914
2020-03-01,geo_0,21464,3144,252,61,60,43.0513773216561
2020-03-01,geo_1,18597,2553,195,61,60,36.245075523453345
2020-03-01,geo_2,21249,3314,263,61,60,49.408140325788914
2020-03-01,geo_3,26090,3617,305,61,60,38.66395908104912
2020-03-01,geo_4,17697,2664,218,61,60,45.03042729259893
2020-03-01,geo_5,17736,2645,210,61,60,47.50995988281962
2020-03-01,geo_6,26498,4180,325,61,60,50.847200550360974
2020-03-01,geo_7,22279,3452,276,61,60,50.35058918285866
2020-03-01,geo_8,16175,2433,194,61,60,46.142866248983815
2020-03-01,geo_9,21383,3256,267,61,60,46.424918760387754
2020-03-02,geo_0,20079,2901,219,62,61,42.36616663508432
2020-03-02,geo_1,16690,2258,187,62,61,36.725651964140106
2020-03-02,geo_2,20592,3212,264,62,61,48.9983503993679
2020-03-02,geo_3,25309,3588,289,62,61,38.75861115597568
2020-03-02,geo_4,15761,2424,175,62,61,45.06426962014429
2020-03-02,geo_5,16010,2486,202,62,61,47.935575523731444
2020-03-02,geo_6,25748,4046,326,62,61,50.777311265686365
2020-03-02,geo_7,21551,3484,323,62,61,50.25307451699094
2020-03-02,geo_8,14966,2296,204,62,61,47.26085679599985
2020-03-02,geo_9,20240,3041,231,62,61,46.8547443141926
2020-03-03,geo_0,20093,2985,297,63,62,42.29002151522268
2020-03-03,geo_1,17278,2405,260,63,62,36.83398836655106
2020-03-03,geo_2,21121,3280,315,63,62,50.246442325314995
2020-03-03,geo_3,25632,3612,371,63,62,38.880684788681265
2020-03-03,geo_4,16673,2454,264,63,62,44.90929217468594
2020-03-03,geo_5,16493,2438,266,63,62,47.78316640454318
2020-03-03,geo_6,25440,4120,424,63,62,50.71115583642374
2020-03-03,geo_7,22068,3415,356,63,62,50.15756741784474
2020-03-03,geo_8,15290,2375,247,63,62,46.751048817701744
2020-03-03,geo_9,20491,3042,326,63,62,46.440829096602805
2020-03-04,geo_0,22273,3191,367,64,63,42.05426025555459
2020-03-04,geo_1,19858,2737,297,64,63,37.44910463968446
2020-03-04,geo_2,23076,3526,442,64,63,50.27992651413865
2020-03-04,geo_3,27858,3923,456,64,63,39.020919789420525
2020-03-04,geo_4,19169,2894,304,64,63,45.93126929335915
2020-03-04,geo_5,18747,2908,329,64,63,48.82009504070029
2020-03-04,geo_6,27594,4374,529,64,63,50.80656154840803
2020-03-04,geo_7,24056,3713,410,64,63,50.04159006702138
2020-03-04,geo_8,17824,2676,302,64,63,46.491703995632406
2020-03-04,geo_9,23126,3522,384,64,63,47.11844558963476
2020-03-05,geo_0,24610,3590,381,65,64,42.194433594806505
2020-03-05,geo_1,20927,2874,256,65,64,37.47854069705487
2020-03-05,geo_2,25163,3944,363,65,64,50.05512280743032
2020-03-05,geo_3,29365,4185,373,65,64,38.82483070845638
2020-03-05,geo_4,21028,3106,281,65,64,46.384386730140385
2020-03-05,geo_5,21036,3275,286,65,64,48.291914645917174
2020-03-05,geo_6,29847,4730,419,65,64,51.66934285523757
2020-03-05,geo_7,26342,3914,340,65,64,49.98499391355096
2020-03-05,geo_8,19950,2961,270,65,64,46.662391291254345
2020-03-05,geo_9,24543,3699,345,65,64,46.57937709538728
2020-03-06,geo_0,24979,3708,310,66,65,42.45099397136692
2020-03-06,geo_1,21397,2936,263,66,65,37.54385716576529
2020-03-06,geo_2,25623,4108,321,66,65,50.289453230712404
2020-03-06,geo_3,30219,4326,372,66,65,39.974559205056146
2020-03-06,geo_4,21393,3269,257,66,65,46.75306318679073
2020-03-06,geo_5,21404,3245,251,66,65,48.07717680762992
2020-03-06,geo_6,30015,4755,407,66,65,51.509403950318855
2020-03-06,geo_7,26909,4283,377,66,65,50.60676818084132
2020-03-06,geo_8,20046,3082,261,66,65,47.70304894337972
2020-03-06,geo_9,25643,3901,317,66,65,47.012628899044444
2020-03-07,geo_0,23872,3558,197,67,66,43.12899394928246
2020-03-07,geo_1,21138,3035,184,67,66,38.172796210193255
2020-03-07,geo_2,24409,3891,232,67,66,51.40606425021169
2020-03-07,geo_3,28870,4119,245,67,66,39.07230882499561
2020-03-07,geo_4,20793,3126,165,67,66,47.41623880100506
2020-03-07,geo_5,20651,3152,184,67,66,48.93026272775684
2020-03-07,geo_6,29807,4724,279,67,66,50.9738237839472
2020-03-07,geo_7,25141,3963,247,67,66,50.340857365930056
2020-03-07,geo_8,18785,2832,156,67,66,47.45480574427829
2020-03-07,geo_9,24257,3675,230,67,66,46.8402485274637
2020-03-08,geo_0,22273,3127,266,68,67,35.921111122927925
2020-03-08,geo_1,18778,2428,237,68,67,32.15170652113894
2020-03-08,geo_2,22650,3332,297,68,67,43.49269967704502
2020-03-08,geo_3,26681,3577,322,68,67,33.324338485471614
2020-03-08,geo_4,18679,2655,225,68,67,39.31415180250454
2020-03-08,geo_5,17727,2558,224,68,67,40.572398475405535
2020-03-08,geo_6,27379,4045,393,68,67,43.35964561978111
2020-03-08,geo_7,23005,3358,299,68,67,42.4958272829015
2020-03-08,geo_8,17199,2451,207,68,67,39.8061188782114
2020-03-08,geo_9,21963,3108,291,68,67,39.49145154212603
2020-03-09,geo_0,20311,2795,307,69,68,36.12768156765154
2020-03-09,geo_1,17641,2346,276,69,68,32.634069352119546
2020-03-09,geo_2,21209,3148,353,69,68,43.54647328346933
2020-03-09,geo_3,25971,3462,385,69,68,33.6824979978116
2020-03-09,geo_4,16720,2326,275,69,68,38.77873834436504
2020-03-09,geo_5,16829,2449,248,69,68,40.44836593113411
2020-03-09,geo_6,25991,3877,429,69,68,43.24502282515681
2020-03-09,geo_7,21616,3183,343,69,68,42.5307049854446
2020-03-09,geo_8,15459,2121,219,69,68,39.56220505038005
2020-03-09,geo_9,20735,2928,305,69,68,39.44625362410707
2020-03-10,geo_0,20894,2871,349,70,69,35.592107058849905
2020-03-10,geo_1,18367,2424,267,70,69,33.12864925259307
2020-03-10,geo_2,21755,3172,370,70,69,43.7271839074625
2020-03-10,geo_3,26655,3532,415,70,69,33.053813078279155
2020-03-10,geo_4,17616,2465,282,70,69,38.58134197640001
2020-03-10,geo_5,17914,2584,301,70,69,40.83668526834567
2020-03-10,geo_6,26776,4005,462,70,69,43.19755657592159
2020-03-10,geo_7,22640,3277,379,70,69,42.404467595516195
2020-03-10,geo_8,16277,2347,260,70,69,39.74441015792949
2020-03-10,geo_9,21695,3084,346,70,69,39.83978654679273
2020-03-11,geo_0,23281,3115,406,71,70,35.09554890126306
2020-03-11,geo_1,20714,2784,335,71,70,33.62392879548636
2020-03-11,geo_2,24504,3684,536,71,70,43.54899017680851
2020-03-11,geo_3,29273,3717,511,71,70,33.26875337796377
2020-03-11,geo_4,18913,2714,344,71,70,38.78363614713391
2020-03-11,geo_5,20031,2910,403,71,70,40.79315648642524
2020-03-11,geo_6,29233,4294,601,71,70,42.909756818062526
2020-03-11,geo_7,24361,3526,486,71,70,42.48384317096994
2020-03-11,geo_8,18274,2652,323,71,70,40.77656244601189
2020-03-11,geo_9,23731,3396,436,71,70,39.380668728565844
2020-03-12,geo_0,25419,3534,477,72,71,36.16313072632496
2020-03-12,geo_1,22479,2914,380,72,71,33.714091976886856
2020-03-12,geo_2,25888,3790,514,72,71,43.788435748848144
2020-03-12,geo_3,30770,3970,566,72,71,32.94910751219195
2020-03-12,geo_4,21223,2975,433,72,71,38.61781432810269
2020-03-12,geo_5,21568,3123,389,72,71,40.761514586802136
2020-03-12,geo_6,30520,4470,629,72,71,42.61074459449728
2020-03-12,geo_7,26802,3980,540,72,71,42.60140976382552
2020-03-12,geo_8,20840,3087,419,72,71,40.7923507316427
2020-03-12,geo_9,25628,3715,519,72,71,40.52758615297468
2020-03-13,geo_0,26077,3648,375,73,72,35.80119441019521
2020-03-13,geo_1,23191,2971,326,73,72,33.985088834106925
2020-03-13,geo_2,26413,3974,435,73,72,44.1337436486107
2020-03-13,geo_3,31692,4129,451,73,72,32.6372783752439
2020-03-13,geo_4,22220,3096,343,73,72,39.18066915374112
2020-03-13,geo_5,22204,3173,347,73,72,40.781792194300664
2020-03-13,geo_6,31577,4522,464,73,72,41.58800641537931
2020-03-13,geo_7,27007,3942,401,73,72,43.15298458729253
2020-03-13,geo_8,21217,2969,311,73,72,40.452805583651866
2020-03-13,geo_9,26277,3845,407,73,72,40.224850822547104
2020-03-14,geo_0,24524,3387,330,74,73,36.36563661831124
2020-03-14,geo_1,21874,2957,319,74,73,34.030603623848165
2020-03-14,geo_2,25451,3695,390,74,73,44.81345402715152
2020-03-14,geo_3,30056,3885,412,74,73,33.46512717732444
2020-03-14,geo_4,21578,3053,309,74,73,39.07709046654947
2020-03-14,geo_5,21054,2952,320,74,73,41.39730902118382
2020-03-14,geo_6,29623,4314,463,74,73,41.43316696063829
2020-03-14,geo_7,26653,3973,428,74,73,44.49063143620063
2020-03-14,geo_8,19858,2876,323,74,73,40.3246981462576
2020-03-14,geo_9,24985,3630,364,74,73,40.9584868190114
2020-03-15,geo_0,22390,3095,232,75,74,37.00727502532734
2020-03-15,geo_1,19867,2700,232,75,74,34.40700002641028
2020-03-15,geo_2,23259,3517,272,75,74,44.698257847316015
2020-03-15,geo_3,28123,3714,337,75,74,33.611438699132115
2020-03-15,geo_4,19454,2689,229,75,74,38.21843962575602
2020-03-15,geo_5,19643,2754,264,75,74,41.72766229186805
2020-03-15,geo_6,27865,4122,332,75,74,41.83010966091441
2020-03-15,geo_7,23979,3539,298,75,74,44.777720236361844
2020-03-15,geo_8,17454,2463,204,75,74,39.05567554299033
2020-03-15,geo_9,23429,3318,284,75,74,40.54551275695466
2020-03-16,geo_0,20815,2897,367,76,75,36.852034102847824
2020-03-16,geo_1,18315,2503,291,76,75,34.77024910183266
2020-03-16,geo_2,22304,3342,365,76,75,45.0620624574239
2020-03-16,geo_3,26891,3574,443,76,75,33.747388560870725
2020-03-16,geo_4,17673,2521,289,76,75,38.75327362116086
2020-03-16,geo_5,18185,2580,286,76,75,41.4317523669807
2020-03-16,geo_6,26521,3909,490,76,75,42.356413155418416
2020-03-16,geo_7,23081,3466,442,76,75,45.23448900924562
2020-03-16,geo_8,16220,2239,256,76,75,39.461153593798784
2020-03-16,geo_9,21831,3211,368,76,75,40.673397446258086
2020-03-17,geo_0,22567,3143,353,77,76,37.98507802243406
2020-03-17,geo_1,18547,2572,337,77,76,35.233141161870435
2020-03-17,geo_2,22522,3376,382,77,76,44.79589541013974
2020-03-17,geo_3,27550,3632,452,77,76,34.09145881117707
2020-03-17,geo_4,18435,2636,326,77,76,39.34560222237752
2020-03-17,geo_5,18277,2610,312,77,76,41.35378501567477
2020-03-17,geo_6,27475,4072,529,77,76,43.12109038220365
2020-03-17,geo_7,23604,3620,425,77,76,45.64376795056148
2020-03-17,geo_8,16744,2294,289,77,76,38.50549343756984
2020-03-17,geo_9,21984,3195,378,77,76,41.04100525864701
2020-03-18,geo_0,23624,3333,470,78,77,37.998406680053215
2020-03-18,geo_1,21458,2898,381,78,77,35.71670492327585
2020-03-18,geo_2,25030,3818,502,78,77,45.48467293464218
2020-03-18,geo_3,29296,3797,524,78,77,34.40761486722059
2020-03-18,geo_4,20427,2920,401,78,77,40.39299615584689
2020-03-18,geo_5,21068,3015,397,78,77,41.479199425150135
2020-03-18,geo_6,29054,4331,578,78,77,43.65219716262763
2020-03-18,geo_7,25443,3841,534,78,77,46.26316895135911
2020-03-18,geo_8,19026,2680,411,78,77,38.67108347000567
2020-03-18,geo_9,24707,3549,471,78,77,41.646834854683604
2020-03-19,geo_0,25752,3684,484,79,78,37.91588617869798
2020-03-19,geo_1,23304,3186,423,79,78,35.71887699223762
2020-03-19,geo_2,27709,4125,544,79,78,45.04356914376436
2020-03-19,geo_3,31669,4306,568,79,78,34.745351460238
2020-03-19,geo_4,22558,3229,424,79,78,40.768873689100694
2020-03-19,geo_5,22791,3468,457,79,78,42.28208273477756
2020-03-19,geo_6,31929,4765,639,79,78,44.264921168917084
2020-03-19,geo_7,27075,4051,561,79,78,46.33616950425312
2020-03-19,geo_8,21412,3035,365,79,78,38.294744085607476
2020-03-19,geo_9,26683,3970,554,79,78,42.078174555053124
2020-03-20,geo_0,26759,3819,384,80,79,38.684351002651255
2020-03-20,geo_1,23826,3172,351,80,79,36.30820893924303
2020-03-20,geo_2,27846,4287,453,80,79,45.79921809556668
2020-03-20,geo_3,32258,4392,466,80,79,34.85469315146946
2020-03-20,geo_4,23014,3338,367,80,79,40.74710072742276
2020-03-20,geo_5,23098,3334,337,80,79,42.12516861580115
2020-03-20,geo_6,32622,4885,518,80,79,44.45238038072708
2020-03-20,geo_7,28357,4335,455,80,79,46.510539999282614
2020-03-20,geo_8,21444,3041,282,80,79,38.609122217646245
2020-03-20,geo_9,27477,4019,465,80,79,42.22671177887898
2020-03-21,geo_0,26053,3676,257,81,80,38.82869528916699
2020-03-21,geo_1,22041,3072,250,81,80,36.129683503298054
2020-03-21,geo_2,26151,3995,302,81,80,46.48150478921249
2020-03-21,geo_3,30935,4204,319,81,80,35.106288642276645
2020-03-21,geo_4,21536,2951,228,81,80,40.86949925127358
2020-03-21,geo_5,21741,3113,231,81,80,41.96107451458503
2020-03-21,geo_6,31113,4784,356,81,80,43.99988017762914
2020-03-21,geo_7,26456,4019,330,81,80,47.37625266998426
2020-03-21,geo_8,20399,2944,221,81,80,39.0955693615885
2020-03-21,geo_9,25809,3747,263,81,80,41.626007838502616
2020-03-22,geo_0,23631,3406,260,82,81,39.41929057756265
2020-03-22,geo_1,20857,2879,208,82,81,36.798625173211796
2020-03-22,geo_2,24108,3722,238,82,81,46.75303279964794
2020-03-22,geo_3,28457,3768,238,82,81,36.116524522009726
2020-03-22,geo_4,19764,2903,217,82,81,41.18536108994334
2020-03-22,geo_5,19886,2885,193,82,81,41.460164802285966
2020-03-22,geo_6,28506,4228,349,82,81,44.39376379076222
2020-03-22,geo_7,24692,3730,275,82,81,47.70829209688901
2020-03-22,geo_8,18358,2629,195,82,81,39.000935233042576
2020-03-22,geo_9,23319,3423,299,82,81,42.12190724592995
2020-03-23,geo_0,22019,3159,353,83,82,38.79214277507707
2020-03-23,geo_1,18886,2587,265,83,82,37.49928517133706
2020-03-23,geo_2,23481,3639,377,83,82,46.520969055276844
2020-03-23,geo_3,27379,3726,407,83,82,35.832868451572914
2020-03-23,geo_4,18716,2616,279,83,82,41.333628448878166
2020-03-23,geo_5,18507,2709,304,83,82,41.8818310450823
2020-03-23,geo_6,27260,4193,416,83,82,44.6846601672089
2020-03-23,geo_7,23700,3638,391,83,82,47.54420764105359
2020-03-23,geo_8,17151,2380,255,83,82,38.95258806914035
2020-03-23,geo_9,22873,3420,342,83,82,41.76216568107665
2020-03-24,geo_0,22295,3182,281,84,83,38.883941916965036
2020-03-24,geo_1,19476,2653,265,84,83,38.2396427387633
2020-03-24,geo_2,23165,3579,368,84,83,46.72328510966468
2020-03-24,geo_3,28645,3979,374,84,83,36.46882057132531
2020-03-24,geo_4,19175,2770,279,84,83,42.26398166306742
2020-03-24,geo_5,19175,2818,281,84,83,41.790474364161014
2020-03-24,geo_6,27823,4160,400,84,83,44.79773444015055
2020-03-24,geo_7,24668,3823,388,84,83,48.83449655955506
2020-03-24,geo_8,17910,2536,236,84,83,39.876935997101846
2020-03-24,geo_9,23475,3365,336,84,83,41.13019612171516
2020-03-25,geo_0,24343,3481,464,85,84,39.278902096175436
2020-03-25,geo_1,21092,2993,378,85,84,38.44003404960769
2020-03-25,geo_2,25120,3762,507,85,84,47.33820195720893
2020-03-25,geo_3,29866,4230,529,85,84,36.29979470773601
2020-03-25,geo_4,21163,3184,424,85,84,42.044096998804825
2020-03-25,geo_5,20793,3036,423,85,84,41.65235856109429
2020-03-25,geo_6,30613,4541,636,85,84,44.71534803114877
2020-03-25,geo_7,26064,4090,595,85,84,49.44409059617808
2020-03-25,geo_8,19766,2762,359,85,84,39.48578503274794
2020-03-25,geo_9,24847,3537,435,85,84,41.020367541297695
2020-03-26,geo_0,26669,3650,401,86,85,38.58282084930099
2020-03-26,geo_1,23868,3255,395,86,85,39.140761945790324
2020-03-26,geo_2,27370,4222,489,86,85,48.17244175239792
2020-03-26,geo_3,31471,4216,494,86,85,36.336729893215185
2020-03-26,geo_4,23504,3423,373,86,85,42.09210232797877
2020-03-26,geo_5,23720,3491,390,86,85,42.075949556156026
2020-03-26,geo_6,32114,4961,532,86,85,45.653173598440716
2020-03-26,geo_7,27996,4374,482,86,85,49.84735882328092
2020-03-26,geo_8,22072,3149,354,86,85,39.3335310827063
2020-03-26,geo_9,27123,3869,423,86,85,40.409472194221564
2020-03-27,geo_0,26804,3826,367,87,86,38.2205131620277
2020-03-27,geo_1,24053,3505,325,87,86,39.37139121301291
2020-03-27,geo_2,28048,4352,393,87,86,48.040328443199485
2020-03-27,geo_3,32737,4640,473,87,86,36.631483446185015
2020-03-27,geo_4,23424,3407,336,87,86,42.00947390755482
2020-03-27,geo_5,23449,3432,344,87,86,41.74070996002615
2020-03-27,geo_6,32648,5021,509,87,86,45.26203834578365
2020-03-27,geo_7,29013,4483,392,87,86,50.82432083484518
2020-03-27,geo_8,22333,3160,362,87,86,39.97140295009916
2020-03-27,geo_9,27637,4032,356,87,86,41.4700761513142
2020-03-28,geo_0,26668,3769,287,88,87,38.682365929507014
2020-03-28,geo_1,22824,3202,246,88,87,39.34705830623476
2020-03-28,geo_2,27034,4153,295,88,87,48.894166125931456
2020-03-28,geo_3,30762,4315,331,88,87,36.808806169751136
2020-03-28,geo_4,22128,3303,272,88,87,42.3103748530656
2020-03-28,geo_5,22318,3170,264,88,87,41.90977786212658
2020-03-28,geo_6,32400,4847,363,88,87,43.98255190543416
2020-03-28,geo_7,27744,4405,305,88,87,51.81908581323853
2020-03-28,geo_8,21677,3115,259,88,87,40.40693727082695
2020-03-28,geo_9,26427,3785,277,88,87,41.82695298688297
2020-03-29,geo_0,24294,3540,332,89,88,38.83976851525811
2020-03-29,geo_1,20366,2856,275,89,88,39.615871016360636
2020-03-29,geo_2,24704,3774,357,89,88,48.78410176019165
2020-03-29,geo_3,29739,4057,417,89,88,37.3073288695231
2020-03-29,geo_4,20010,2929,283,89,88,41.84374515948147
2020-03-29,geo_5,20208,2985,303,89,88,42.18973158766531
2020-03-29,geo_6,29352,4322,392,89,88,44.45367857290927
2020-03-29,geo_7,25101,4106,386,89,88,51.90855229526685
2020-03-29,geo_8,19057,2750,263,89,88,40.7788513020074
2020-03-29,geo_9,24440,3572,355,89,88,41.51966275095331
2020-03-30,geo_0,22612,3198,373,90,89,38.541350764220766
2020-03-30,geo_1,20073,2839,316,90,89,39.91755741530725
2020-03-30,geo_2,23931,3743,407,90,89,49.30815097343114
2020-03-30,geo_3,28135,3762,432,90,89,36.55629493386095
2020-03-30,geo_4,18715,2743,299,90,89,42.28790760835986
2020-03-30,geo_5,19238,2861,304,90,89,42.101282998869664
2020-03-30,geo_6,28577,4272,504,90,89,44.543779175181726
2020-03-30,geo_7,24080,3818,425,90,89,51.42378911223077
2020-03-30,geo_8,18228,2690,287,90,89,40.53576432450345
2020-03-30,geo_9,23086,3389,414,90,89,42.18730565118781
2020-03-31,geo_0,23606,3283,443,91,90,38.738275354330554
2020-03-31,geo_1,19984,2839,372,91,90,39.90551865755214
2020-03-31,geo_2,24058,3717,494,91,90,49.4306724040906
2020-03-31,geo_3,29078,3973,530,91,90,36.98325571479935
2020-03-31,geo_4,20095,2992,383,91,90,42.68733340449035
2020-03-31,geo_5,19184,2759,374,91,90,42.24294807613722
2020-03-31,geo_6,29325,4380,564,91,90,45.27271608038333
2020-03-31,geo_7,24833,3862,540,91,90,52.09000262724117
2020-03-31,geo_8,19110,2757,360,91,90,40.921207738066784
2020-03-31,geo_9,23977,3467,460,91,90,42.39518721331269
2020-04-01,geo_0,25610,3599,510,92,91,39.24321910133804
2020-04-01,geo_1,21759,3162,445,92,91,40.23781975390397
2020-04-01,geo_2,26030,4170,551,92,91,50.13762198292232
2020-04-01,geo_3,30609,4230,599,92,91,37.61113814078345
2020-04-01,geo_4,21918,3197,387,92,91,42.353205953354625
2020-04-01,geo_5,21334,2946,384,92,91,41.87496601907052
2020-04-01,geo_6,31026,4755,622,92,91,45.10029313673704
2020-04-01,geo_7,27029,4374,638,92,91,52.75483305318541
2020-04-01,geo_8,20998,2994,413,92,91,40.30764141282085
2020-04-01,geo_9,25675,3719,535,92,91,42.76892994444597
2020-04-02,geo_0,27235,3876,572,93,92,39.59635818995828
2020-04-02,geo_1,24066,3539,518,93,92,40.98992346195991
2020-04-02,geo_2,27766,4366,667,93,92,50.39991854326406
2020-04-02,geo_3,33021,4533,724,93,92,37.11317397480424
2020-04-02,geo_4,23569,3476,536,93,92,42.044144471180104
2020-04-02,geo_5,24003,3502,477,93,92,41.454584284282504
2020-04-02,geo_6,32767,4940,766,93,92,45.005059266680924
2020-04-02,geo_7,28888,4522,636,93,92,52.83571572372415
2020-04-02,geo_8,22647,3296,534,93,92,39.89513562459878
2020-04-02,geo_9,27942,4051,617,93,92,43.676207295116306
2020-04-03,geo_0,27741,3991,473,94,93,39.10096470087114
2020-04-03,geo_1,24311,3590,436,94,93,41.82916375167332
2020-04-03,geo_2,28287,4394,512,94,93,51.159999947001324
2020-04-03,geo_3,33713,4784,603,94,93,37.73129776926771
2020-04-03,geo_4,25047,3555,415,94,93,41.86329046490472
2020-04-03,geo_5,24385,3574,470,94,93,41.791839048602256
2020-04-03,geo_6,33573,4984,619,94,93,44.53544117995946
2020-04-03,geo_7,29264,4592,578,94,93,53.45886982413281
2020-04-03,geo_8,23021,3328,412,94,93,40.02378228882328
2020-04-03,geo_9,28758,4264,532,94,93,43.63887107825799
2020-04-04,geo_0,26562,3758,331,95,94,38.651515944220286
2020-04-04,geo_1,23439,3377,288,95,94,40.75180627127046
2020-04-04,geo_2,27639,4373,410,95,94,50.80339858849422
2020-04-04,geo_3,31548,4398,394,95,94,38.45179609692502
2020-04-04,geo_4,22850,3322,307,95,94,41.82311464302919
2020-04-04,geo_5,23347,3447,314,95,94,41.86841553887878
2020-04-04,geo_6,31656,4740,411,95,94,45.027409810661744
2020-04-04,geo_7,28461,4524,448,95,94,54.52456823989044
2020-04-04,geo_8,21679,3103,226,95,94,40.847146521053205
2020-04-04,geo_9,27016,4043,387,95,94,43.315201724675774
2020-04-05,geo_0,24568,3370,345,96,95,37.83762935900754
2020-04-05,geo_1,21045,3026,325,96,95,42.08801581992469
2020-04-05,geo_2,25569,4082,444,96,95,52.095530906021956
2020-04-05,geo_3,29880,4230,461,96,95,38.705045321248726
2020-04-05,geo_4,20916,3052,310,96,95,41.34412303839258
2020-04-05,geo_5,20841,3116,318,96,95,42.506281349633234
2020-04-05,geo_6,30272,4582,515,96,95,45.13252976237174
2020-04-05,geo_7,26435,4262,443,96,95,54.625903066817415
2020-04-05,geo_8,20033,3005,343,96,95,41.450261198046945
2020-04-05,geo_9,24359,3672,386,96,95,43.63985997599829
2020-04-06,geo_0,22666,3158,320,97,96,37.39689619133099
2020-04-06,geo_1,20009,2995,319,97,96,42.07685592760674
2020-04-06,geo_2,24356,3927,423,97,96,52.57851157589362
2020-04-06,geo_3,28071,3967,426,97,96,39.11391555082391
2020-04-06,geo_4,19789,2893,307,97,96,41.626197475390626
2020-04-06,geo_5,19657,2896,300,97,96,43.12405900149167
2020-04-06,geo_6,28953,4314,453,97,96,45.105501789100316
2020-04-06,geo_7,24914,4023,394,97,96,54.86782476751005
2020-04-06,geo_8,18245,2491,244,97,96,39.91318272532949
2020-04-06,geo_9,23362,3531,361,97,96,43.56727894856007
2020-04-07,geo_0,24130,3467,516,98,97,37.92560030393243
2020-04-07,geo_1,20662,2983,385,98,97,42.027482456864746
2020-04-07,geo_2,25074,4033,571,98,97,52.49237226460497
2020-04-07,geo_3,29467,4128,562,98,97,38.74145563424079
2020-04-07,geo_4,19830,2900,409,98,97,42.27356442253557
2020-04-07,geo_5,20525,3055,433,98,97,43.5439746629604
2020-04-07,geo_6,29774,4433,613,98,97,45.66655897126126
2020-04-07,geo_7,25592,4113,544,98,97,54.15186827274482
2020-04-07,geo_8,18849,2720,365,98,97,39.978299282466715
2020-04-07,geo_9,24478,3598,499,98,97,43.57404339848675
2020-04-08,geo_0,25723,3596,502,99,98,37.92645073098571
2020-04-08,geo_1,22360,3220,410,99,98,41.85971161966501
2020-04-08,geo_2,27389,4376,552,99,98,52.46066964962773
2020-04-08,geo_3,30726,4356,583,99,98,39.30887026836059
2020-04-08,geo_4,22565,3277,462,99,98,41.45724726732421
2020-04-08,geo_5,22412,3335,463,99,98,44.57273059144089
2020-04-08,geo_6,31273,4750,620,99,98,46.05115191159141
2020-04-08,geo_7,27491,4454,601,99,98,54.272221207876925
2020-04-08,geo_8,21462,3063,416,99,98,40.57149555995446
2020-04-08,geo_9,26582,3885,545,99,98,42.98932702627435
2020-04-09,geo_0,28592,3971,532,100,99,37.72942813774076
2020-04-09,geo_1,25275,3729,468,100,99,41.93364518247938
2020-04-09,geo_2,29051,4671,619,100,99,53.2789821588837
2020-04-09,geo_3,33779,4827,608,100,99,39.422345879848066
2020-04-09,geo_4,23937,3534,462,100,99,41.81661700046429
2020-04-09,geo_5,24449,3652,480,100,99,44.41228351307636
2020-04-09,geo_6,33275,5180,699,100,99,46.43137368524255
2020-04-09,geo_7,29852,4763,610,100,99,55.24653572040942
2020-04-09,geo_8,23562,3431,468,100,99,41.20328553912609
2020-04-09,geo_9,27900,4073,575,100,99,43.083988948202375
2020-04-10,geo_0,29012,4138,393,101,100,38.196503896952464
2020-04-10,geo_1,25599,3709,355,101,100,42.35091537737077
2020-04-10,geo_2,29261,4760,433,101,100,53.6618017334574
2020-04-10,geo_3,33795,4855,479,101,100,40.108987068099204
2020-04-10,geo_4,25251,3773,391,101,100,42.497244400337955
2020-04-10,geo_5,24137,3632,353,101,100,44.47709278367239
2020-04-10,geo_6,34365,5236,575,101,100,46.883051155615505
2020-04-10,geo_7,29664,4780,496,101,100,55.18466919359468
2020-04-10,geo_8,24311,3399,339,101,100,40.869836118897304
2020-04-10,geo_9,29505,4278,457,101,100,43.078631712167166
2020-04-11,geo_0,27905,3913,380,102,101,38.28151170314419
2020-04-11,geo_1,23932,3529,349,102,101,41.642492286055415
2020-04-11,geo_2,28673,4645,464,102,101,54.21530095589186
2020-04-11,geo_3,32668,4571,477,102,101,38.84974162257111
2020-04-11,geo_4,23786,3612,361,102,101,43.97690299262411
2020-04-11,geo_5,24140,3606,417,102,101,45.35028249318431
2020-04-11,geo_6,32289,4972,514,102,101,46.877033980243965
2020-04-11,geo_7,28913,4590,436,102,101,55.31286309156367
2020-04-11,geo_8,22278,3208,317,102,101,41.14328483623003
2020-04-11,geo_9,27174,3947,391,102,101,42.907254870962774
2020-04-12,geo_0,24740,3542,313,103,102,38.494602178717486
2020-04-12,geo_1,22132,3270,327,103,102,41.686534014733525
2020-04-12,geo_2,25835,4109,403,103,102,54.28512194146249
2020-04-12,geo_3,30589,4304,395,103,102,39.05845776832563
2020-04-12,geo_4,21139,3099,300,103,102,43.43606959297966
2020-04-12,geo_5,21220,3193,281,103,102,45.485997873816885
2020-04-12,geo_6,30876,4599,451,103,102,47.0768097740009
2020-04-12,geo_7,26953,4407,440,103,102,55.494385382279475
2020-04-12,geo_8,20172,2892,289,103,102,41.1510274699573
2020-04-12,geo_9,25596,3787,372,103,102,43.59301821224639
2020-04-13,geo_0,24039,3426,335,104,103,38.42801192618016
2020-04-13,geo_1,21137,3111,300,104,103,41.90973523569058
2020-04-13,geo_2,24405,3915,371,104,103,55.044173287184655
2020-04-13,geo_3,28679,4033,392,104,103,39.130142918478136
2020-04-13,geo_4,20461,2968,293,104,103,43.65273450937153
2020-04-13,geo_5,19572,2952,321,104,103,45.54723885628403
2020-04-13,geo_6,29778,4564,433,104,103,47.806930481297
2020-04-13,geo_7,25202,4015,408,104,103,55.47605796231417
2020-04-13,geo_8,19507,2908,301,104,103,41.901880824513356
2020-04-13,geo_9,24414,3550,350,104,103,43.65151084010038
2020-04-14,geo_0,24994,3545,541,105,104,38.1017981700835
2020-04-14,geo_1,21327,3091,450,105,104,42.352282704100034
2020-04-14,geo_2,25506,4099,550,105,104,54.99551187677098
2020-04-14,geo_3,29942,4292,660,105,104,39.544977346201016
2020-04-14,geo_4,20438,3036,430,105,104,42.39079461495788
2020-04-14,geo_5,20750,3136,431,105,104,45.65260380215102
2020-04-14,geo_6,30309,4642,657,105,104,47.68177058497443
2020-04-14,geo_7,26247,4354,682,105,104,55.048225343748825
2020-04-14,geo_8,19811,2892,428,105,104,41.72778108466786
2020-04-14,geo_9,24679,3683,538,105,104,43.468222842342314
2020-04-15,geo_0,26694,3722,692,106,105,38.17443049141862
2020-04-15,geo_1,23326,3414,683,106,105,41.764633086734044
2020-04-15,geo_2,27082,4313,833,106,105,55.25041997516678
2020-04-15,geo_3,31336,4555,859,106,105,40.32570674369473
2020-04-15,geo_4,22578,3222,637,106,105,42.627180454270814
2020-04-15,geo_5,22552,3453,643,106,105,46.153019713352734
2020-04-15,geo_6,31640,4827,932,106,105,48.32672867951342
2020-04-15,geo_7,27296,4442,808,106,105,55.76335725735132
2020-04-15,geo_8,21196,3049,586,106,105,42.75854656363939
2020-04-15,geo_9,26206,3893,692,106,105,43.31529137081294
2020-04-16,geo_0,28915,3990,505,107,106,37.904756154886776
2020-04-16,geo_1,25240,3633,440,107,106,42.24536663348485
2020-04-16,geo_2,28948,4583,601,107,106,55.69425606739051
2020-04-16,geo_3,33763,4832,636,107,106,40.80403602983746
2020-04-16,geo_4,24463,3777,484,107,106,43.66073710291977
2020-04-16,geo_5,24819,3827,481,107,106,46.24762010387374
2020-04-16,geo_6,34472,5360,656,107,106,48.63034945083506
2020-04-16,geo_7,29258,4798,578,107,106,55.362973594248196
2020-04-16,geo_8,23410,3480,436,107,106,43.91491355647807
2020-04-16,geo_9,29204,4279,559,107,106,43.23662763876099
2020-04-17,geo_0,29069,4027,390,108,107,37.83299611304346
2020-04-17,geo_1,25689,3790,402,108,107,42.15381837527028
2020-04-17,geo_2,30241,5079,495,108,107,55.454280478470814
2020-04-17,geo_3,33738,4769,448,108,107,40.52251492913498
2020-04-17,geo_4,25860,3754,375,108,107,43.480633223518836
2020-04-17,geo_5,25211,3758,369,108,107,45.646470415313345
2020-04-17,geo_6,35086,5372,548,108,107,48.32093467033252
2020-04-17,geo_7,30532,4986,482,108,107,56.42002630701356
2020-04-17,geo_8,23969,3566,387,108,107,44.36429724567275
2020-04-17,geo_9,29107,4265,429,108,107,43.78196541115572
2020-04-18,geo_0,27505,3920,364,109,108,38.49657123762589
2020-04-18,geo_1,24154,3566,331,109,108,43.145381848544595
2020-04-18,geo_2,27823,4569,451,109,108,54.6436532057072
2020-04-18,geo_3,32535,4737,418,109,108,39.983317500715316
2020-04-18,geo_4,24472,3660,316,109,108,43.15319618469476
2020-04-18,geo_5,23849,3534,295,109,108,45.48603032091071
2020-04-18,geo_6,32265,4919,460,109,108,48.246436671513294
2020-04-18,geo_7,29389,4757,424,109,108,56.27171149765602
2020-04-18,geo_8,23474,3581,332,109,108,44.54820156259554
2020-04-18,geo_9,28493,4248,361,109,108,43.87461821628159
2020-04-19,geo_0,26041,3709,413,110,109,38.202594839900556
2020-04-19,geo_1,22258,3203,371,110,109,42.124621580825604
2020-04-19,geo_2,26267,4267,482,110,109,54.214761748415214
2020-04-19,geo_3,31083,4511,494,110,109,39.776834895538215
2020-04-19,geo_4,22102,3302,370,110,109,43.09660635864507
2020-04-19,geo_5,21472,3191,342,110,109,44.988146494601295
2020-04-19,geo_6,31365,4862,531,110,109,48.06920845172641
2020-04-19,geo_7,26673,4419,521,110,109,55.773841627299866
2020-04-19,geo_8,20389,3055,334,110,109,44.552084417237324
2020-04-19,geo_9,25643,3764,410,110,109,43.405544477979696
2020-04-20,geo_0,24654,3461,352,111,110,37.837906358487075
2020-04-20,geo_1,21025,3004,308,111,110,41.529665076838384
2020-04-20,geo_2,24612,3981,404,111,110,54.19786554364719
2020-04-20,geo_3,29761,4223,473,111,110,39.40399138140818
2020-04-20,geo_4,20667,3029,319,111,110,43.609327136518324
2020-04-20,geo_5,20066,2975,285,111,110,45.25040028222372
2020-04-20,geo_6,29952,4608,480,111,110,48.0946968214912
2020-04-20,geo_7,25886,4169,416,111,110,55.435024737631295
2020-04-20,geo_8,19644,2962,297,111,110,44.80153376580506
2020-04-20,geo_9,24486,3659,348,111,110,43.81068617497524
2020-04-21,geo_0,25002,3451,613,112,111,37.96119514847451
2020-04-21,geo_1,21712,3186,535,112,111,42.38313179652637
2020-04-21,geo_2,25253,4142,761,112,111,54.47970726881646
2020-04-21,geo_3,29848,4314,777,112,111,39.91327543460707
2020-04-21,geo_4,21037,3281,573,112,111,43.72767616605816
2020-04-21,geo_5,20635,3053,521,112,111,45.639798839090105
2020-04-21,geo_6,30605,4768,855,112,111,47.74881614292244
2020-04-21,geo_7,26025,4267,798,112,111,55.25791095511014
2020-04-21,geo_8,19403,2934,521,112,111,45.02766066059311
2020-04-21,geo_9,24951,3684,653,112,111,44.03370431955743
2020-04-22,geo_0,26582,3746,483,113,112,38.258989772992685
2020-04-22,geo_1,23112,3393,438,113,112,42.9770385217954
2020-04-22,geo_2,27792,4454,603,113,112,53.8112768578019
2020-04-22,geo_3,31730,4489,617,113,112,39.47049166158237
2020-04-22,geo_4,22952,3374,449,113,112,43.886130872432
2020-04-22,geo_5,23091,3415,456,113,112,45.321285416194456
2020-04-22,geo_6,32305,5029,676,113,112,49.48216774047513
2020-04-22,geo_7,27835,4586,635,113,112,55.55987872558055
2020-04-22,geo_8,21991,3357,450,113,112,45.0320609818918
2020-04-22,geo_9,27121,4035,530,113,112,43.81997856770289
2020-04-23,geo_0,28366,3915,532,114,113,38.054810551630474
2020-04-23,geo_1,25685,3766,546,114,113,43.02778352547813
2020-04-23,geo_2,29554,4837,689,114,113,53.90322398798684
2020-04-23,geo_3,33831,4798,655,114,113,39.278414373817895
2020-04-23,geo_4,25389,3716,535,114,113,43.78519523047941
2020-04-23,geo_5,25262,3872,578,114,113,46.02906819097049
2020-04-23,geo_6,34412,5314,733,114,113,50.21071289095153
2020-04-23,geo_7,30075,4730,663,114,113,55.721894961348326
2020-04-23,geo_8,23676,3488,511,114,113,44.396987828643745
2020-04-23,geo_9,29371,4295,662,114,113,44.125148529585374
2020-04-24,geo_0,29215,4083,353,115,114,38.85964184238323
2020-04-24,geo_1,26405,4038,331,115,114,43.74018887747731
2020-04-24,geo_2,29711,4750,432,115,114,54.298168820825
2020-04-24,geo_3,34855,5030,444,115,114,40.01760157227672
2020-04-24,geo_4,25801,3817,323,115,114,43.83937579669462
2020-04-24,geo_5,24816,3738,342,115,114,46.37060811037604
2020-04-24,geo_6,34969,5353,467,115,114,49.898316550608754
2020-04-24,geo_7,30109,5006,431,115,114,55.8957928236517
2020-04-24,geo_8,24198,3634,315,115,114,45.0891787706036
2020-04-24,geo_9,29400,4286,407,115,114,43.85813959145881
2020-04-25,geo_0,27765,3932,328,116,115,38.44827932700027
2020-04-25,geo_1,24920,3637,283,116,115,43.80817000904799
2020-04-25,geo_2,28852,4613,394,116,115,54.20422616781843
2020-04-25,geo_3,33058,4721,398,116,115,40.36173434173646
2020-04-25,geo_4,23406,3467,285,116,115,43.63196425876386
2020-04-25,geo_5,24191,3716,290,116,115,47.24904614637536
2020-04-25,geo_6,33678,5223,438,116,115,49.27304840241405
2020-04-25,geo_7,29544,4858,388,116,115,56.54207189645226
2020-04-25,geo_8,22807,3478,271,116,115,44.72592721014049
2020-04-25,geo_9,27652,4092,331,116,115,42.97951630094814
2020-04-26,geo_0,25788,3720,325,117,116,38.57813241738488
2020-04-26,geo_1,22252,3233,291,117,116,43.69171243669094
2020-04-26,geo_2,26695,4273,418,117,116,53.660353488150804
2020-04-26,geo_3,30661,4324,347,117,116,39.53207401255518
2020-04-26,geo_4,22342,3336,267,117,116,43.63861989023064
2020-04-26,geo_5,22000,3345,333,117,116,47.74780061906881
2020-04-26,geo_6,31580,4930,435,117,116,49.57655946329675
2020-04-26,geo_7,26952,4415,423,117,116,56.58137032365543
2020-04-26,geo_8,20929,3123,274,117,116,44.97616155238726
2020-04-26,geo_9,26575,3909,353,117,116,42.97682975243049
2020-04-27,geo_0,23648,3291,382,118,117,37.865635668511
2020-04-27,geo_1,21624,3189,339,118,117,42.98361584469874
2020-04-27,geo_2,25256,3922,480,118,117,53.561138170103646
2020-04-27,geo_3,28973,3977,468,118,117,39.45413714320675
2020-04-27,geo_4,20599,3045,320,118,117,44.06645937740639
2020-04-27,geo_5,20871,3200,398,118,117,48.12880087926406
2020-04-27,geo_6,29099,4514,561,118,117,49.88151708803374
2020-04-27,geo_7,25677,4189,490,118,117,56.44360075198426
2020-04-27,geo_8,19122,2893,341,118,117,44.28817809606557
2020-04-27,geo_9,24538,3551,403,118,117,43.18523177827956
2020-04-28,geo_0,24130,3389,565,119,118,38.12193562377357
2020-04-28,geo_1,21953,3170,512,119,118,41.783105192159894
2020-04-28,geo_2,25951,4160,686,119,118,53.13767487998851
2020-04-28,geo_3,30727,4410,745,119,118,39.10226042013768
2020-04-28,geo_4,21242,3126,539,119,118,44.11939554199518
2020-04-28,geo_5,20525,3127,537,119,118,47.720881725884
2020-04-28,geo_6,30469,4777,767,119,118,49.85609670089068
2020-04-28,geo_7,25560,4181,647,119,118,56.33203154340854
2020-04-28,geo_8,19210,2855,475,119,118,44.20237908859019
2020-04-28,geo_9,24899,3591,572,119,118,42.8207470481228
2020-04-29,geo_0,26743,3701,516,120,119,37.78741505213412
2020-04-29,geo_1,23838,3370,459,120,119,41.22803874018541
2020-04-29,geo_2,27890,4485,625,120,119,53.312657850035855
2020-04-29,geo_3,31998,4579,595,120,119,39.372628660460975
2020-04-29,geo_4,22729,3388,459,120,119,43.719167957026
2020-04-29,geo_5,23527,3598,493,120,119,48.46628316153671
2020-04-29,geo_6,32325,5061,698,120,119,49.6836043705003
2020-04-29,geo_7,28144,4671,643,120,119,57.082055571572056
2020-04-29,geo_8,21503,3190,442,120,119,43.86643195711733
2020-04-29,geo_9,27334,3849,541,120,119,41.79242322389651
2020-04-30,geo_0,29032,4090,562,121,120,37.96465611311934
2020-04-30,geo_1,25194,3704,544,121,120,41.328604453535355
2020-04-30,geo_2,28963,4593,651,121,120,53.305960849770536
2020-04-30,geo_3,34052,4883,695,121,120,39.02740845207999
2020-04-30,geo_4,25402,3808,567,121,120,43.67819772644665
2020-04-30,geo_5,24800,3882,578,121,120,48.18696931087709
2020-04-30,geo_6,34345,5341,814,121,120,49.508312072047346
2020-04-30,geo_7,29806,4909,699,121,120,57.478949172365084
2020-04-30,geo_8,23876,3529,501,121,120,43.93491212222636
2020-04-30,geo_9,29071,4289,591,121,120,42.07353012573941
2020-05-01,geo_0,28916,4007,371,122,121,37.81595467681938
2020-05-01,geo_1,26182,3724,330,122,121,41.125036003011346
2020-05-01,geo_2,29988,4851,459,122,121,52.69640289392376
2020-05-01,geo_3,34184,4780,430,122,121,38.809284936422415
2020-05-01,geo_4,25828,3899,348,122,121,41.98511187733545
2020-05-01,geo_5,25311,3926,369,122,121,47.85932975106718
2020-05-01,geo_6,35397,5454,542,122,121,49.43425116936636
2020-05-01,geo_7,30049,4917,442,122,121,57.72792998882335
2020-05-01,geo_8,24263,3656,369,122,121,43.76812106871574
2020-05-01,geo_9,28719,4206,435,122,121,42.214584688023876
2020-05-02,geo_0,27949,3768,382,123,122,36.68431137214207
2020-05-02,geo_1,24485,3506,351,123,122,41.055132860039535
2020-05-02,geo_2,28789,4498,449,123,122,51.814839445624386
2020-05-02,geo_3,32854,4586,487,123,122,38.16295352203351
2020-05-02,geo_4,24689,3437,356,123,122,41.85008414677995
2020-05-02,geo_5,23631,3551,433,123,122,48.456016781576054
2020-05-02,geo_6,33437,5072,535,123,122,49.57765119010466
2020-05-02,geo_7,29576,5021,541,123,122,57.69518333722033
2020-05-02,geo_8,23329,3570,375,123,122,43.71700833138686
2020-05-02,geo_9,28105,4114,437,123,122,41.81600212286236
2020-05-03,geo_0,25893,3537,379,124,123,36.36152362502964
2020-05-03,geo_1,22436,3310,370,124,123,41.21834636438301
2020-05-03,geo_2,26083,4124,433,124,123,51.07128639904685
2020-05-03,geo_3,30250,4267,472,124,123,38.408160494599464
2020-05-03,geo_4,22274,3222,339,124,123,41.605404471179135
2020-05-03,geo_5,22070,3444,344,124,123,48.818369168690595
2020-05-03,geo_6,31729,4967,553,124,123,50.00684902491982
2020-05-03,geo_7,27122,4493,463,124,123,56.80770758889883
2020-05-03,geo_8,20423,2980,350,124,123,43.375910331528836
2020-05-03,geo_9,25382,3739,419,124,123,41.337418945229764
2020-05-04,geo_0,24358,3280,392,125,124,35.39525855557368
2020-05-04,geo_1,21274,3106,407,125,124,40.64255779330779
2020-05-04,geo_2,24415,3862,496,125,124,52.23192273116107
2020-05-04,geo_3,29040,4118,536,125,124,38.652396415941986
2020-05-04,geo_4,19910,2994,366,125,124,42.50458357018598
2020-05-04,geo_5,20525,3197,390,125,124,49.173453493640906
2020-05-04,geo_6,29586,4703,603,125,124,49.57537440671856
2020-05-04,geo_7,25783,4216,558,125,124,56.55675851937017
2020-05-04,geo_8,19200,2845,358,125,124,43.6108033052051
2020-05-04,geo_9,24365,3585,446,125,124,41.49624349156403
2020-05-05,geo_0,24021,3176,471,126,125,35.037530833394975
2020-05-05,geo_1,21156,3101,474,126,125,39.81894159971757
2020-05-05,geo_2,25287,4044,646,126,125,53.80664227384007
2020-05-05,geo_3,29682,4097,609,126,125,38.51205247611402
2020-05-05,geo_4,20879,2976,450,126,125,42.27316028246392
2020-05-05,geo_5,20784,3284,497,126,125,49.16156687320779
2020-05-05,geo_6,30664,4794,753,126,125,49.38420179904605
2020-05-05,geo_7,26377,4348,627,126,125,56.54887905487792
2020-05-05,geo_8,20221,2991,466,126,125,44.18588423906174
2020-05-05,geo_9,24348,3496,539,126,125,41.36488087047216
2020-05-06,geo_0,26801,3642,530,127,126,34.37792018620099
2020-05-06,geo_1,22721,3215,478,127,126,39.66035960576592
2020-05-06,geo_2,27324,4382,637,127,126,53.49606772072475
2020-05-06,geo_3,32214,4511,656,127,126,39.14493923391431
2020-05-06,geo_4,22518,3252,480,127,126,42.781034245819015
2020-05-06,geo_5,22705,3563,540,127,126,49.13764379165526
2020-05-06,geo_6,32460,5078,802,127,126,48.665726728562284
2020-05-06,geo_7,28191,4680,695,127,126,55.85746535505904
2020-05-06,geo_8,21933,3281,478,127,126,44.1159428963798
2020-05-06,geo_9,25996,3834,531,127,126,41.45475104247972
2020-05-07,geo_0,28711,3662,505,128,127,34.10311913319848
2020-05-07,geo_1,25265,3559,459,128,127,39.33333895065408
2020-05-07,geo_2,28765,4634,667,128,127,53.11204627408597
2020-05-07,geo_3,33572,4893,716,128,127,39.044850066953835
2020-05-07,geo_4,24279,3508,513,128,127,41.50280052881314
2020-05-07,geo_5,24377,3777,563,128,127,48.50012792204182
2020-05-07,geo_6,34086,5137,723,128,127,48.26375944370071
2020-05-07,geo_7,29303,4700,651,128,127,56.373490135835326
2020-05-07,geo_8,23743,3399,505,128,127,43.62238767643496
2020-05-07,geo_9,29023,4161,583,128,127,41.457455350453806
2020-05-08,geo_0,29107,3932,448,129,128,34.11963881018911
2020-05-08,geo_1,25221,3567,374,129,128,39.88615791106803
2020-05-08,geo_2,29128,4548,483,129,128,53.646437098491475
2020-05-08,geo_3,33699,4787,524,129,128,38.91834879318588
2020-05-08,geo_4,25612,3741,383,129,128,41.169011008694255
2020-05-08,geo_5,25382,3898,434,129,128,48.072164205336
2020-05-08,geo_6,34112,5195,573,129,128,48.045423108942764
2020-05-08,geo_7,30616,5006,545,129,128,56.05945947857814
2020-05-08,geo_8,23407,3498,391,129,128,43.803379984986655
2020-05-08,geo_9,29048,4259,461,129,128,41.570814193874305
2020-05-09,geo_0,27561,3616,325,130,129,34.3095055480739
2020-05-09,geo_1,24819,3525,307,130,129,40.41043706813613
2020-05-09,geo_2,28431,4697,430,130,129,54.47167759663549
2020-05-09,geo_3,32838,4605,406,130,129,38.87355278651598
2020-05-09,geo_4,23519,3452,301,130,129,41.61348117863418
2020-05-09,geo_5,24036,3774,320,130,129,47.79107238037936
2020-05-09,geo_6,32634,5085,463,130,129,48.5307386929361
2020-05-09,geo_7,29592,4807,446,130,129,56.48389275509792
2020-05-09,geo_8,22489,3272,277,130,129,44.202573665914144
2020-05-09,geo_9,28096,4088,386,130,129,41.51176663347095
2020-05-10,geo_0,25171,3297,245,131,130,33.85999814411289
2020-05-10,geo_1,22266,3144,248,131,130,39.59857451714183
2020-05-10,geo_2,25972,4158,353,131,130,54.33615642318282
2020-05-10,geo_3,30676,4362,377,131,130,39.52354100825962
2020-05-10,geo_4,21450,3159,243,131,130,41.3440702305014
2020-05-10,geo_5,21030,3233,265,131,130,48.06914715686217
2020-05-10,geo_6,30513,4855,414,131,130,48.836130862133544
2020-05-10,geo_7,26461,4319,363,131,130,56.22640868217096
2020-05-10,geo_8,20796,3135,258,131,130,44.746526685965954
2020-05-10,geo_9,25245,3666,314,131,130,39.94205505384687
2020-05-11,geo_0,24128,3165,366,132,131,33.123995767917066
2020-05-11,geo_1,20654,2972,324,132,131,39.01691998107683
2020-05-11,geo_2,24417,3892,461,132,131,53.80148337761335
2020-05-11,geo_3,29329,4203,498,132,131,39.56575959196877
2020-05-11,geo_4,20439,2975,363,132,131,41.365369434710686
2020-05-11,geo_5,20148,3094,394,132,131,48.14242272531999
2020-05-11,geo_6,29509,4619,532,132,131,49.008187955851355
2020-05-11,geo_7,25457,4066,465,132,131,55.62639131209122
2020-05-11,geo_8,18990,2791,334,132,131,44.014009751401005
2020-05-11,geo_9,24484,3462,387,132,131,40.015530508458085
2020-05-12,geo_0,24918,3328,480,133,132,32.67495703040121
2020-05-12,geo_1,21255,2972,436,133,132,38.0986074438345
2020-05-12,geo_2,24581,3920,581,133,132,54.15303047751397
2020-05-12,geo_3,29313,4191,660,133,132,40.12800629742904
2020-05-12,geo_4,20140,2947,416,133,132,42.01100240824047
2020-05-12,geo_5,20187,3114,447,133,132,48.10297909291079
2020-05-12,geo_6,29667,4670,657,133,132,49.185773716758156
2020-05-12,geo_7,25447,4189,610,133,132,56.17703967557222
2020-05-12,geo_8,19994,2845,397,133,132,43.5606668705874
2020-05-12,geo_9,24903,3507,498,133,132,40.43688523766127
2020-05-13,geo_0,26357,3438,618,134,133,32.66944837414451
2020-05-13,geo_1,22673,3098,544,134,133,38.41316294790242
2020-05-13,geo_2,27118,4377,739,134,133,54.102653845788545
2020-05-13,geo_3,31093,4395,793,134,133,40.63145055734727
2020-05-13,geo_4,23199,3452,571,134,133,41.98060035246875
2020-05-13,geo_5,22045,3344,628,134,133,47.218825602794446
2020-05-13,geo_6,31935,5037,859,134,133,49.76697162731464
2020-05-13,geo_7,27160,4526,777,134,133,55.55967931630357
2020-05-13,geo_8,21334,3081,519,134,133,44.04536618696632
2020-05-13,geo_9,26534,3856,669,134,133,40.24849135414
2020-05-14,geo_0,28027,3644,479,135,134,33.104982382401914
2020-05-14,geo_1,25047,3553,518,135,134,38.829040864757275
2020-05-14,geo_2,29063,4596,679,135,134,54.165023481865234
2020-05-14,geo_3,33042,4717,713,135,134,40.73167383539729
2020-05-14,geo_4,24091,3623,516,135,134,42.040553478930164
2020-05-14,geo_5,24281,3664,528,135,134,46.06055201766889
2020-05-14,geo_6,33862,5343,802,135,134,49.67200578499195
2020-05-14,geo_7,29136,4674,672,135,134,54.84876241301185
2020-05-14,geo_8,23284,3456,509,135,134,43.97995434260852
2020-05-14,geo_9,28333,4045,630,135,134,39.524478678671045
2020-05-15,geo_0,28742,3634,414,136,135,32.350797570058624
2020-05-15,geo_1,24871,3502,407,136,135,39.47082283706553
2020-05-15,geo_2,29384,4803,592,136,135,54.53779401088123
2020-05-15,geo_3,33920,4867,584,136,135,40.566225512158304
2020-05-15,geo_4,24411,3519,422,136,135,41.97240653126178
2020-05-15,geo_5,24590,3662,432,136,135,45.77606270564884
2020-05-15,geo_6,34476,5418,671,136,135,49.79347512637443
2020-05-15,geo_7,29810,4825,544,136,135,54.348588015785005
2020-05-15,geo_8,23980,3631,430,136,135,44.316670520933684
2020-05-15,geo_9,28495,3931,479,136,135,39.236152262578145
2020-05-16,geo_0,26957,3519,263,137,136,31.969963231673155
2020-05-16,geo_1,24423,3579,294,137,136,39.31185031458986
2020-05-16,geo_2,27697,4476,365,137,136,54.071051528979254
2020-05-16,geo_3,32389,4622,383,137,136,40.55789272954547
2020-05-16,geo_4,23366,3183,228,137,136,41.5340589743206
2020-05-16,geo_5,23691,3639,270,137,136,45.84065821691834
2020-05-16,geo_6,32244,5085,408,137,136,50.228707397872654
2020-05-16,geo_7,28039,4529,356,137,136,53.8175530142339
2020-05-16,geo_8,22378,3202,275,137,136,44.082115320962224
2020-05-16,geo_9,26916,3829,293,137,136,39.29582840506495
2020-05-17,geo_0,24942,3196,284,138,137,31.571965083054664
2020-05-17,geo_1,21332,3050,312,138,137,39.3650809037118
2020-05-17,geo_2,25803,4214,462,138,137,54.1684094240787
2020-05-17,geo_3,29600,4245,462,138,137,40.91759654920432
2020-05-17,geo_4,21418,3085,328,138,137,41.05230575177596
2020-05-17,geo_5,20944,3145,336,138,137,45.19051236795279
2020-05-17,geo_6,30037,4730,499,138,137,49.89288939387376
2020-05-17,geo_7,25749,4073,405,138,137,53.15311922776576
2020-05-17,geo_8,19415,2854,328,138,137,44.18602638452897
2020-05-17,geo_9,24729,3416,361,138,137,38.53480071046946
2020-05-18,geo_0,23204,3058,308,139,138,32.54929656368255
2020-05-18,geo_1,20328,3007,299,139,138,39.825065531745445
2020-05-18,geo_2,24151,3876,408,139,138,53.98523475627151
2020-05-18,geo_3,28107,4152,448,139,138,41.16016551934209
2020-05-18,geo_4,19588,2778,293,139,138,40.04610568208603
2020-05-18,geo_5,19971,3093,321,139,138,46.2643998652856
2020-05-18,geo_6,28557,4356,498,139,138,49.40654639972026
2020-05-18,geo_7,24284,3874,401,139,138,52.90318095812768
2020-05-18,geo_8,17920,2727,274,139,138,43.070702014659304
2020-05-18,geo_9,23900,3358,327,139,138,38.58868088470147
2020-05-19,geo_0,23917,3071,312,140,139,31.797899864897627
2020-05-19,geo_1,20644,2978,300,140,139,39.67892348817149
2020-05-19,geo_2,24791,3932,378,140,139,53.51457342513831
2020-05-19,geo_3,29138,4257,421,140,139,40.42102404568151
2020-05-19,geo_4,19779,2890,319,140,139,39.44714378895823
2020-05-19,geo_5,20251,3054,311,140,139,46.18051270777479
2020-05-19,geo_6,28757,4413,435,140,139,48.56541885814198
2020-05-19,geo_7,24731,3899,414,140,139,52.330013140489136
2020-05-19,geo_8,18526,2766,254,140,139,43.206020085998574
2020-05-19,geo_9,23651,3355,345,140,139,39.6916053032147
2020-05-20,geo_0,25627,3260,453,141,140,31.829489099125507
2020-05-20,geo_1,23056,3207,478,141,140,39.014399031350536
2020-05-20,geo_2,25959,4266,589,141,140,53.12349810155086
2020-05-20,geo_3,30682,4385,580,141,140,40.22747584381691
2020-05-20,geo_4,21874,3177,438,141,140,39.06673501278146
2020-05-20,geo_5,22218,3397,457,141,140,46.42634545651357
2020-05-20,geo_6,30973,4693,661,141,140,48.46469524673595
2020-05-20,geo_7,26785,4214,559,141,140,52.5761724503652
2020-05-20,geo_8,20162,2977,397,141,140,42.84358536752083
2020-05-20,geo_9,25311,3592,451,141,140,40.14705522068965
2020-05-21,geo_0,27965,3584,511,142,141,31.530135853258617
2020-05-21,geo_1,24665,3486,482,142,141,38.31406155031948
2020-05-21,geo_2,27739,4427,652,142,141,53.995721320500095
2020-05-21,geo_3,33247,4710,686,142,141,39.096647120333856
2020-05-21,geo_4,23684,3328,450,142,141,38.48282891961199
2020-05-21,geo_5,24016,3731,522,142,141,45.89829476485921
2020-05-21,geo_6,32748,5168,657,142,141,49.50038582900691
2020-05-21,geo_7,28491,4608,646,142,141,53.26290559059902
2020-05-21,geo_8,22314,3315,463,142,141,43.3765169652852
2020-05-21,geo_9,27627,3935,569,142,141,39.76551633529823
2020-05-22,geo_0,27517,3705,397,143,142,32.51829230232564
2020-05-22,geo_1,23912,3279,342,143,142,38.27472874760221
2020-05-22,geo_2,28352,4596,461,143,142,54.25908060578285
2020-05-22,geo_3,33146,4595,508,143,142,38.95924185294802
2020-05-22,geo_4,23754,3304,338,143,142,38.23480104711253
2020-05-22,geo_5,24202,3678,379,143,142,45.54911080439819
2020-05-22,geo_6,33880,5355,565,143,142,49.16818516104876
2020-05-22,geo_7,28483,4487,446,143,142,53.341609098375685
2020-05-22,geo_8,23293,3447,363,143,142,43.33734711914166
2020-05-22,geo_9,27847,3966,404,143,142,39.52474495136819
2020-05-23,geo_0,26641,3445,235,144,143,33.03939068033472
2020-05-23,geo_1,23011,3183,233,144,143,36.559167607846966
2020-05-23,geo_2,27099,4476,255,144,143,54.28000757276021
2020-05-23,geo_3,31748,4415,282,144,143,39.08203711314674
2020-05-23,geo_4,22983,3247,213,144,143,38.576320408812826
2020-05-23,geo_5,22635,3425,230,144,143,45.2847129733612
2020-05-23,geo_6,31540,4921,314,144,143,49.03593843093312
2020-05-23,geo_7,27786,4479,296,144,143,53.60028623916967
2020-05-23,geo_8,22026,3265,206,144,143,43.851513462596074
2020-05-23,geo_9,26921,3827,235,144,143,39.14070619071168
2020-05-24,geo_0,23307,3126,264,145,144,32.930582720432525
2020-05-24,geo_1,21399,2953,246,145,144,37.157692390674256
2020-05-24,geo_2,25123,3967,344,145,144,52.97533210240827
2020-05-24,geo_3,29732,4098,334,145,144,38.49223543683274
2020-05-24,geo_4,19646,2827,233,145,144,39.06870695275802
2020-05-24,geo_5,20360,3016,232,145,144,45.59045040531916
2020-05-24,geo_6,29412,4627,447,145,144,49.05222808806119
2020-05-24,geo_7,25573,4110,360,145,144,53.133035117733634
2020-05-24,geo_8,18822,2855,253,145,144,43.17063812331546
2020-05-24,geo_9,24151,3502,313,145,144,38.602691421466275
2020-05-25,geo_0,22898,3019,320,146,145,33.45376531297127
2020-05-25,geo_1,18892,2584,255,146,145,36.59423714497641
2020-05-25,geo_2,23567,3716,403,146,145,52.77484310441726
2020-05-25,geo_3,27805,3844,404,146,145,37.86197262078295
2020-05-25,geo_4,19064,2791,258,146,145,39.241098940221015
2020-05-25,geo_5,19001,2861,273,146,145,45.07209219667997
2020-05-25,geo_6,27673,4205,445,146,145,48.749879736691746
2020-05-25,geo_7,24209,3795,407,146,145,52.03984258792255
2020-05-25,geo_8,17878,2634,286,146,145,42.11554422636655
2020-05-25,geo_9,22707,3208,323,146,145,38.35559148253437
2020-05-26,geo_0,22822,2937,306,147,146,32.53195377939185
2020-05-26,geo_1,19660,2706,293,147,146,37.38918836701799
2020-05-26,geo_2,23915,3757,425,147,146,51.48445692143235
2020-05-26,geo_3,28225,3833,414,147,146,37.199977767293966
2020-05-26,geo_4,19500,2805,311,147,146,38.99210416051863
2020-05-26,geo_5,19053,2875,347,147,146,44.63218047219556
2020-05-26,geo_6,28554,4500,519,147,146,47.93575261564189
2020-05-26,geo_7,23963,3797,429,147,146,51.300942964430206
2020-05-26,geo_8,18023,2618,274,147,146,41.363476849660536
2020-05-26,geo_9,22402,3091,323,147,146,37.95287880423892
2020-05-27,geo_0,24351,3196,487,148,147,33.2403957387854
2020-05-27,geo_1,21337,2896,435,148,147,37.162327758882526
2020-05-27,geo_2,25436,4101,638,148,147,51.807980385143566
2020-05-27,geo_3,29812,4109,617,148,147,37.18318359081769
2020-05-27,geo_4,20691,2799,433,148,147,39.28346088213422
2020-05-27,geo_5,20859,3098,466,148,147,42.966623799921834
2020-05-27,geo_6,29668,4489,668,148,147,47.51308936038998
2020-05-27,geo_7,25806,4085,592,148,147,51.68626287073917
2020-05-27,geo_8,19654,2850,396,148,147,40.812658678710164
2020-05-27,geo_9,24617,3445,480,148,147,38.56647012507797
2020-05-28,geo_0,26495,3470,458,149,148,33.70665790065601
2020-05-28,geo_1,23413,3144,386,149,148,36.65382446692754
2020-05-28,geo_2,27243,4302,532,149,148,51.28029918567752
2020-05-28,geo_3,31640,4318,568,149,148,36.397853808609796
2020-05-28,geo_4,22379,3274,414,149,148,38.69498838295918
2020-05-28,geo_5,23012,3366,409,149,148,42.07665383966282
2020-05-28,geo_6,31811,4892,618,149,148,47.44881156097633
2020-05-28,geo_7,27689,4234,510,149,148,50.68180936752963
2020-05-28,geo_8,21420,3073,347,149,148,40.84149306208335
2020-05-28,geo_9,26490,3668,462,149,148,38.604700140250685
2020-05-29,geo_0,26336,3475,295,150,149,32.59234914654407
2020-05-29,geo_1,23579,3146,266,150,149,37.14682298664307
2020-05-29,geo_2,28024,4390,320,150,149,51.25296863365082
2020-05-29,geo_3,32161,4453,353,150,149,36.48606954992963
2020-05-29,geo_4,23239,3209,245,150,149,38.03401519081461
2020-05-29,geo_5,23372,3414,244,150,149,42.10620276128707
2020-05-29,geo_6,32733,5149,400,150,149,47.72521393213552
2020-05-29,geo_7,28332,4378,337,150,149,50.34802952392026
2020-05-29,geo_8,22389,3208,224,150,149,41.5614756806271
2020-05-29,geo_9,26400,3721,312,150,149,38.34289580857209
2020-05-30,geo_0,24873,3225,299,151,150,32.87115583959609
2020-05-30,geo_1,21711,2952,256,151,150,37.00358682676797
2020-05-30,geo_2,26259,4247,362,151,150,51.25370263994438
2020-05-30,geo_3,30913,4205,372,151,150,35.35580920449721
2020-05-30,geo_4,21370,3046,270,151,150,37.93007919279838
2020-05-30,geo_5,21908,3090,266,151,150,41.44925229601117
2020-05-30,geo_6,30458,4703,410,151,150,47.00725500938282
2020-05-30,geo_7,26883,4251,379,151,150,50.92770445564188
2020-05-30,geo_8,20096,2935,255,151,150,41.16580805558185
2020-05-30,geo_9,25174,3494,318,151,150,37.54952497496851
2020-05-31,geo_0,23034,3055,272,152,151,32.39227531760399
2020-05-31,geo_1,19526,2651,204,152,151,36.055941566877394
2020-05-31,geo_2,23643,3741,309,152,151,51.67087793627535
2020-05-31,geo_3,27750,3734,320,152,151,34.705566392791695
2020-05-31,geo_4,19525,2677,228,152,151,37.89759407107164
2020-05-31,geo_5,19410,2819,254,152,151,41.830170515634784
2020-05-31,geo_6,28467,4256,345,152,151,46.454606282778244
2020-05-31,geo_7,24387,3780,292,152,151,50.893589559515135
2020-05-31,geo_8,18185,2642,223,152,151,40.35432833866409
2020-05-31,geo_9,23097,3240,271,152,151,38.472957796633736
2020-06-01,geo_0,21135,2799,343,153,152,32.553580383606246
2020-06-01,geo_1,17940,2341,314,153,152,35.65469582613709
2020-06-01,geo_2,21890,3427,376,153,152,50.97711240185953
2020-06-01,geo_3,26959,3696,410,153,152,34.33851728820558
2020-06-01,geo_4,17348,2406,263,153,152,37.422951954946406
2020-06-01,geo_5,17803,2569,265,153,152,42.50199248766826
2020-06-01,geo_6,27067,4006,482,153,152,45.531613848831185
2020-06-01,geo_7,22474,3585,447,153,152,50.65327334342063
2020-06-01,geo_8,16608,2397,256,153,152,40.041225113604334
2020-06-01,geo_9,21250,2936,350,153,152,38.107226918737176
2020-06-02,geo_0,22148,2763,318,154,153,32.18498189209386
2020-06-02,geo_1,18558,2470,272,154,153,35.28435960919593
2020-06-02,geo_2,22886,3538,367,154,153,51.09888041497452
2020-06-02,geo_3,26823,3583,366,154,153,34.32547712886089
2020-06-02,geo_4,17739,2403,264,154,153,37.320406267577134
2020-06-02,geo_5,18180,2634,324,154,153,40.67299626231626
2020-06-02,geo_6,27594,4195,482,154,153,45.36380045410889
2020-06-02,geo_7,23162,3639,369,154,153,49.510311498399005
2020-06-02,geo_8,17175,2472,287,154,153,40.05311704399287
2020-06-02,geo_9,22506,3155,334,154,153,38.53004131632
2020-06-03,geo_0,23157,2984,373,155,154,31.400338926020268
2020-06-03,geo_1,20058,2753,348,155,154,34.833980974446305
2020-06-03,geo_2,24523,3896,471,155,154,50.47719336806498
2020-06-03,geo_3,28798,3902,508,155,154,34.61835277022131
2020-06-03,geo_4,20282,2857,392,155,154,37.0487381441473
2020-06-03,geo_5,20228,2948,355,155,154,41.21797883413096
2020-06-03,geo_6,29003,4398,543,155,154,45.24565475292385
2020-06-03,geo_7,24595,3740,485,155,154,49.30914156962967
2020-06-03,geo_8,19010,2799,386,155,154,39.76878858863574
2020-06-03,geo_9,23883,3308,442,155,154,38.617366517103946
2020-06-04,geo_0,25678,3236,452,156,155,30.20291773043319
2020-06-04,geo_1,22293,3016,367,156,155,34.55015464576256
2020-06-04,geo_2,26397,4057,547,156,155,50.11309560631902
2020-06-04,geo_3,30375,4027,550,156,155,34.649094474421986
2020-06-04,geo_4,22035,3088,395,156,155,36.62870196091252
2020-06-04,geo_5,21628,3098,410,156,155,40.37242618319949
2020-06-04,geo_6,31058,4642,648,156,155,44.91717581932008
2020-06-04,geo_7,26662,4145,560,156,155,48.43825247505962
2020-06-04,geo_8,20701,2926,376,156,155,38.48073878234587
2020-06-04,geo_9,25980,3627,464,156,155,38.65219898729143
2020-06-05,geo_0,25401,3228,262,157,156,30.15700078311221
2020-06-05,geo_1,22082,2886,235,157,156,34.45037565662914
2020-06-05,geo_2,26061,4182,350,157,156,50.42860526098049
2020-06-05,geo_3,30803,4201,317,157,156,33.97767031548395
2020-06-05,geo_4,22072,3006,226,157,156,35.58013989694221
2020-06-05,geo_5,22267,3184,269,157,156,40.00440624753877
2020-06-05,geo_6,30610,4606,371,157,156,44.404326993519284
2020-06-05,geo_7,26840,4046,357,157,156,47.680747526617
2020-06-05,geo_8,20958,2860,245,157,156,38.10859192243216
2020-06-05,geo_9,25743,3631,303,157,156,38.01079485626155
2020-06-06,geo_0,24718,3009,257,158,157,28.896872151714945
2020-06-06,geo_1,20599,2716,245,158,157,33.88982686519023
2020-06-06,geo_2,25211,3966,339,158,157,49.5177747751958
2020-06-06,geo_3,29347,3949,346,158,157,33.74783898853757
2020-06-06,geo_4,20350,2659,227,158,157,34.91248790045998
2020-06-06,geo_5,20860,2972,261,158,157,40.220587311486945
2020-06-06,geo_6,29801,4506,382,158,157,44.86041041042659
2020-06-06,geo_7,26091,4019,347,158,157,47.67738476310711
2020-06-06,geo_8,18895,2538,257,158,157,36.99424250605184
2020-06-06,geo_9,24078,3273,304,158,157,38.421109979315055
2020-06-07,geo_0,22146,2753,242,159,158,29.336125678232236
2020-06-07,geo_1,18505,2510,237,159,158,33.5528219865827
2020-06-07,geo_2,22270,3470,305,159,158,49.83010445238001
2020-06-07,geo_3,26808,3430,295,159,158,33.11979849279304
2020-06-07,geo_4,17877,2398,214,159,158,33.633296799451585
2020-06-07,geo_5,18528,2564,224,159,158,39.49437690177586
2020-06-07,geo_6,26858,3953,351,159,158,45.372659983104235
2020-06-07,geo_7,23091,3591,313,159,158,46.58229307395231
2020-06-07,geo_8,16567,2259,191,159,158,36.64874842702352
2020-06-07,geo_9,22076,3140,301,159,158,38.089415368828476
2020-06-08,geo_0,20052,2464,218,160,159,28.724754689158807
2020-06-08,geo_1,17427,2294,225,160,159,32.97842361637017
2020-06-08,geo_2,20728,3232,345,160,159,49.510808964020754
2020-06-08,geo_3,25873,3407,324,160,159,32.48017247139086
2020-06-08,geo_4,16248,2160,206,160,159,32.569967959404515
2020-06-08,geo_5,16692,2395,221,160,159,39.24959322394472
2020-06-08,geo_6,26290,3943,366,160,159,45.55059692618684
2020-06-08,geo_7,21640,3184,328,160,159,46.661233420900174
2020-06-08,geo_8,15487,2150,226,160,159,35.8924091621446
2020-06-08,geo_9,20632,2807,254,160,159,37.10875480707949
2020-06-09,geo_0,20615,2558,277,161,160,28.221709067415027
2020-06-09,geo_1,17548,2290,253,161,160,33.40365239463811
2020-06-09,geo_2,21713,3403,371,161,160,49.47211096668332
2020-06-09,geo_3,26011,3474,371,161,160,32.467479550187974
2020-06-09,geo_4,17222,2347,261,161,160,32.65657321626907
2020-06-09,geo_5,17242,2459,272,161,160,39.10165322734712
2020-06-09,geo_6,26077,4003,457,161,160,45.24602099747557
2020-06-09,geo_7,21525,3239,370,161,160,46.6304566941931
2020-06-09,geo_8,15828,2153,238,161,160,35.26184510948266
2020-06-09,geo_9,21179,2910,327,161,160,36.04040610127836
2020-06-10,geo_0,22180,2749,327,162,161,28.21640302411103
2020-06-10,geo_1,19265,2621,284,162,161,33.65803868739919
2020-06-10,geo_2,22941,3575,405,162,161,48.5456362872907
2020-06-10,geo_3,27655,3593,394,162,161,32.50785182402976
2020-06-10,geo_4,18243,2495,269,162,161,33.13282264447937
2020-06-10,geo_5,18532,2507,284,162,161,38.73639663820216
2020-06-10,geo_6,28041,4301,503,162,161,44.46622317167194
2020-06-10,geo_7,23533,3480,450,162,161,46.32416715969373
2020-06-10,geo_8,17900,2382,267,162,161,34.62330057194271
2020-06-10,geo_9,22814,3088,353,162,161,35.365068332335234
2020-06-11,geo_0,24518,2965,303,163,162,28.060558137855658
2020-06-11,geo_1,20884,2638,292,163,162,32.48609443177232
2020-06-11,geo_2,24653,3710,415,163,162,47.45067219713743
2020-06-11,geo_3,29007,3802,391,163,162,32.1412182836197
2020-06-11,geo_4,21187,2717,237,163,162,32.75194355264814
2020-06-11,geo_5,21135,2964,278,163,162,38.53844904364652
2020-06-11,geo_6,29666,4538,462,163,162,45.027345421253024
2020-06-11,geo_7,25958,3902,376,163,162,46.00297762844457
2020-06-11,geo_8,19252,2664,253,163,162,34.55353084203464
2020-06-11,geo_9,24197,3268,308,163,162,34.50469415846778
2020-06-12,geo_0,24034,2888,268,164,163,28.066683300434264
2020-06-12,geo_1,21496,2799,257,164,163,31.84744695474051
2020-06-12,geo_2,24681,3747,372,164,163,47.10796806626084
2020-06-12,geo_3,29973,3765,361,164,163,31.705052465153013
2020-06-12,geo_4,20988,2743,265,164,163,32.893338470562206
2020-06-12,geo_5,20727,2820,255,164,163,37.50836850533428
2020-06-12,geo_6,29148,4397,430,164,163,43.50377006407914
2020-06-12,geo_7,25757,3773,356,164,163,45.51739332431137
2020-06-12,geo_8,19449,2662,268,164,163,34.41358590396049
2020-06-12,geo_9,24548,3149,316,164,163,34.20281191168223
2020-06-13,geo_0,22639,2734,117,165,164,28.299765696451228
2020-06-13,geo_1,20102,2526,125,165,164,31.685537956539992
2020-06-13,geo_2,23800,3526,164,165,164,46.442445479236554
2020-06-13,geo_3,28117,3514,155,165,164,30.155371432452707
2020-06-13,geo_4,19252,2502,111,165,164,32.394451792597884
2020-06-13,geo_5,19378,2731,122,165,164,37.64211738317106
2020-06-13,geo_6,28486,4137,217,165,164,42.92055774429578
2020-06-13,geo_7,24020,3565,162,165,164,45.14749541542412
2020-06-13,geo_8,18744,2430,122,165,164,34.24492918069125
2020-06-13,geo_9,23200,3065,137,165,164,33.311970362805816
2020-06-14,geo_0,20823,2610,184,166,165,28.223423391058446
2020-06-14,geo_1,17812,2293,178,166,165,32.11859425714578
2020-06-14,geo_2,20945,3097,204,166,165,45.967492386603595
2020-06-14,geo_3,25864,3254,226,166,165,29.19887676834677
2020-06-14,geo_4,16400,2116,119,166,165,31.976016164302305
2020-06-14,geo_5,17452,2317,164,166,165,36.144790150851414
2020-06-14,geo_6,25853,3772,260,166,165,42.69682664511599
2020-06-14,geo_7,22233,3290,210,166,165,44.98462063934521
2020-06-14,geo_8,16114,2078,160,166,165,34.69851745115035
2020-06-14,geo_9,20763,2764,179,166,165,32.82683480819907
2020-06-15,geo_0,19321,2310,198,167,166,28.035005410180545
2020-06-15,geo_1,15631,1943,166,167,166,31.29777496726301
2020-06-15,geo_2,19239,2885,228,167,166,45.396024911661975
2020-06-15,geo_3,23797,2883,234,167,166,28.03957271128115
2020-06-15,geo_4,14899,1942,134,167,166,31.488820071072293
2020-06-15,geo_5,15499,2054,144,167,166,35.60233422750704
2020-06-15,geo_6,24330,3567,276,167,166,42.449492242633546
2020-06-15,geo_7,21071,3135,237,167,166,44.27909709585688
2020-06-15,geo_8,14102,1959,158,167,166,34.35130504993414
2020-06-15,geo_9,19832,2536,219,167,166,32.26730407040028
2020-06-16,geo_0,18937,2289,186,168,167,27.47213919740623
2020-06-16,geo_1,16251,2043,194,168,167,30.94335322704734
2020-06-16,geo_2,20714,3129,300,168,167,45.01856986716688
2020-06-16,geo_3,24522,2933,258,168,167,28.018946556640557
2020-06-16,geo_4,15760,2002,192,168,167,31.0342738505232
2020-06-16,geo_5,15971,2098,182,168,167,35.033166784738434
2020-06-16,geo_6,24401,3551,327,168,167,41.95764986915614
2020-06-16,geo_7,20505,3021,288,168,167,43.52357198614442
2020-06-16,geo_8,14261,1846,166,168,167,33.77805140255207
2020-06-16,geo_9,19014,2395,248,168,167,32.885584804967486
2020-06-17,geo_0,20727,2483,291,169,168,26.614476125737855
2020-06-17,geo_1,17321,2153,281,169,168,30.405241614217914
2020-06-17,geo_2,21229,3035,327,169,168,44.42289549063229
2020-06-17,geo_3,26079,3156,379,169,168,27.489897002446277
2020-06-17,geo_4,17878,2236,252,169,168,30.47025295666956
2020-06-17,geo_5,17380,2337,251,169,168,34.77438553052587
2020-06-17,geo_6,27036,3828,508,169,168,40.69687070485162
2020-06-17,geo_7,22246,3351,381,169,168,43.639746093309384
2020-06-17,geo_8,15811,2046,231,169,168,33.69687798255584
2020-06-17,geo_9,21287,2860,339,169,168,31.862641288012647
2020-06-18,geo_0,22625,2597,220,170,169,25.074659260654226
2020-06-18,geo_1,19146,2331,183,170,169,29.51399258887565
2020-06-18,geo_2,23629,3558,323,170,169,43.89567170288453
2020-06-18,geo_3,27925,3422,295,170,169,28.370583871410634
2020-06-18,geo_4,19227,2469,200,170,169,30.33955445952178
2020-06-18,geo_5,19463,2643,202,170,169,33.46826366024708
2020-06-18,geo_6,28252,3973,341,170,169,39.942353761156966
2020-06-18,geo_7,23652,3388,274,170,169,43.20676298853434
2020-06-18,geo_8,18241,2454,238,170,169,33.422338426897596
2020-06-18,geo_9,22960,2947,265,170,169,30.799802783238665
2020-06-19,geo_0,22739,2535,238,171,170,24.59818772227183
2020-06-19,geo_1,20663,2538,244,171,170,28.748785280361176
2020-06-19,geo_2,23270,3388,308,171,170,42.93419808121756
2020-06-19,geo_3,27977,3379,355,171,170,28.087186267990617
2020-06-19,geo_4,19692,2453,232,171,170,30.320494801201363
2020-06-19,geo_5,19235,2577,242,171,170,33.48278598703019
2020-06-19,geo_6,28039,4028,431,171,170,39.81611929931149
2020-06-19,geo_7,23928,3454,328,171,170,42.54799311419805
2020-06-19,geo_8,17826,2271,203,171,170,33.374569338517006
2020-06-19,geo_9,22784,2916,288,171,170,30.545166036026103
2020-06-20,geo_0,21602,2422,198,172,171,24.252743853718382
2020-06-20,geo_1,18101,2190,183,172,171,28.03313435800248
2020-06-20,geo_2,22225,3143,224,172,171,42.27272209654326
2020-06-20,geo_3,27132,3270,261,172,171,27.70746045324829
2020-06-20,geo_4,18143,2261,184,172,171,31.131020442450446
2020-06-20,geo_5,18247,2448,194,172,171,33.223995567615944
2020-06-20,geo_6,26793,3794,278,172,171,39.093621602475345
2020-06-20,geo_7,22860,3293,255,172,171,41.71826557728291
2020-06-20,geo_8,16573,2191,171,172,171,32.72023673875441
2020-06-20,geo_9,21509,2731,215,172,171,31.22120883118043
2020-06-21,geo_0,18814,2031,171,173,172,23.63752537260001
2020-06-21,geo_1,16297,1972,153,173,172,28.073610014580908
2020-06-21,geo_2,19878,2944,226,173,172,41.66853990710516
2020-06-21,geo_3,23697,2840,224,173,172,27.418175336064127
2020-06-21,geo_4,15468,1922,145,173,172,31.114329262081345
2020-06-21,geo_5,15521,2069,165,173,172,32.52548025760372
2020-06-21,geo_6,24690,3494,304,173,172,38.35295242175383
2020-06-21,geo_7,20652,2990,203,173,172,42.13098365399699
2020-06-21,geo_8,14669,1891,146,173,172,32.80093907676504
2020-06-21,geo_9,18882,2461,208,173,172,31.200764257689265
2020-06-22,geo_0,17463,1961,126,174,173,23.61266403293324
2020-06-22,geo_1,14223,1723,114,174,173,27.887547235005616
2020-06-22,geo_2,17573,2622,197,174,173,42.25829602324995
2020-06-22,geo_3,22347,2703,199,174,173,27.01731275845614
2020-06-22,geo_4,14123,1805,125,174,173,30.9875084860453
2020-06-22,geo_5,13679,1632,124,174,173,31.384571765462233
2020-06-22,geo_6,23066,3220,215,174,173,37.51741773221791
2020-06-22,geo_7,18716,2681,195,174,173,41.1109401686625
2020-06-22,geo_8,12289,1624,119,174,173,33.02349540523795
2020-06-22,geo_9,17265,2155,185,174,173,29.50580278664636
2020-06-23,geo_0,18347,2078,223,175,174,22.990368961633603
2020-06-23,geo_1,14787,1799,173,175,174,25.972219550202297
2020-06-23,geo_2,18944,2762,279,175,174,41.4208757217704
2020-06-23,geo_3,22909,2684,257,175,174,26.346353741180145
2020-06-23,geo_4,13656,1746,176,175,174,31.26187072835254
2020-06-23,geo_5,14347,1871,166,175,174,31.164812361844838
2020-06-23,geo_6,23235,3207,310,175,174,36.67512331117171
2020-06-23,geo_7,19641,2872,304,175,174,41.22164031115499
2020-06-23,geo_8,12520,1645,163,175,174,32.61532088558757
2020-06-23,geo_9,18100,2197,217,175,174,29.103253036400332
2020-06-24,geo_0,19149,2071,254,176,175,21.96552381168366
2020-06-24,geo_1,16070,1807,212,176,175,25.056383970746456
2020-06-24,geo_2,20547,3006,377,176,175,40.58417780212611
2020-06-24,geo_3,24934,2896,360,176,175,25.94170605712571
2020-06-24,geo_4,15819,1928,234,176,175,30.88038820469368
2020-06-24,geo_5,15890,1982,237,176,175,31.516433237433166
2020-06-24,geo_6,24763,3457,394,176,175,36.43953211226415
2020-06-24,geo_7,21301,3097,357,176,175,39.443199987834184
2020-06-24,geo_8,15013,1874,225,176,175,32.327204678485856
2020-06-24,geo_9,20572,2516,297,176,175,27.954541256083957
2020-06-25,geo_0,21800,2255,198,177,176,21.056933083954732
2020-06-25,geo_1,18082,1958,200,177,176,24.227387909175476
2020-06-25,geo_2,22438,3262,294,177,176,39.82626033472354
2020-06-25,geo_3,26466,2923,261,177,176,24.824135550118406
2020-06-25,geo_4,17333,2271,219,177,176,30.55962321209886
2020-06-25,geo_5,18017,2282,201,177,176,30.38852603120065
2020-06-25,geo_6,26238,3574,348,177,176,36.187628452653975
2020-06-25,geo_7,23037,3285,305,177,176,40.134926498884205
2020-06-25,geo_8,16650,2179,196,177,176,31.241012231159075
2020-06-25,geo_9,21654,2579,245,177,176,27.386485671232254
2020-06-26,geo_0,21819,2110,141,178,177,19.36777870751455
2020-06-26,geo_1,19078,2074,153,178,177,23.652200029936466
2020-06-26,geo_2,22841,3233,233,178,177,39.71954742517374
2020-06-26,geo_3,26912,3010,231,178,177,24.75262014548865
2020-06-26,geo_4,17704,2217,149,178,177,30.173991909586682
2020-06-26,geo_5,18028,2270,147,178,177,30.408844506263122
2020-06-26,geo_6,26489,3776,281,178,177,37.02857801445648
2020-06-26,geo_7,23407,3344,263,178,177,40.56249445040653
2020-06-26,geo_8,16608,2112,136,178,177,30.556435922920016
2020-06-26,geo_9,22058,2519,174,178,177,26.233311980772427
2020-06-27,geo_0,19487,1862,131,179,178,18.735734028101632
2020-06-27,geo_1,16414,1812,116,179,178,22.75245490685498
2020-06-27,geo_2,20849,2985,186,179,178,39.51560410558736
2020-06-27,geo_3,24760,2718,168,179,178,23.728629159082843
2020-06-27,geo_4,16169,2028,125,179,178,29.71173548787978
2020-06-27,geo_5,15978,1943,147,179,178,30.402006258205233
2020-06-27,geo_6,25766,3519,209,179,178,36.54459229924753
2020-06-27,geo_7,21714,3131,225,179,178,39.659205687268155
2020-06-27,geo_8,15031,1898,127,179,178,30.71899867138929
2020-06-27,geo_9,20191,2284,144,179,178,24.864655827536172
2020-06-28,geo_0,17626,1747,88,180,179,18.14160286063657
2020-06-28,geo_1,14804,1636,98,180,179,22.304114491421373
2020-06-28,geo_2,18480,2608,173,180,179,39.09267476210081
2020-06-28,geo_3,22272,2392,125,180,179,23.38420525570642
2020-06-28,geo_4,13562,1579,95,180,179,29.58985473332807
2020-06-28,geo_5,13779,1646,95,180,179,29.957201804105683
2020-06-28,geo_6,23336,3162,197,180,179,35.9256469465913
2020-06-28,geo_7,19059,2724,171,180,179,39.0240110664174
2020-06-28,geo_8,12603,1589,96,180,179,29.987143981887353
2020-06-28,geo_9,17508,1937,131,180,179,24.82799656050854
2020-06-29,geo_0,15740,1439,84,181,180,17.387120112127786
2020-06-29,geo_1,13506,1480,87,181,180,22.299011006832966
2020-06-29,geo_2,16688,2343,153,181,180,38.67030427327691
2020-06-29,geo_3,21569,2355,165,181,180,22.687910891703755
2020-06-29,geo_4,12544,1596,92,181,180,29.470979979348705
2020-06-29,geo_5,12297,1579,105,181,180,29.165396409611738
2020-06-29,geo_6,21210,2891,182,181,180,35.808827167017974
2020-06-29,geo_7,17188,2460,167,181,180,38.69798663939221
2020-06-29,geo_8,11277,1366,84,181,180,29.26190944948611
2020-06-29,geo_9,16727,1862,112,181,180,24.66089771811496
2020-06-30,geo_0,16506,1551,119,182,181,17.228492324297733
2020-06-30,geo_1,13158,1369,94,182,181,22.448582085725526
2020-06-30,geo_2,16551,2330,158,182,181,38.720802543747084
2020-06-30,geo_3,22094,2390,177,182,181,22.49716953565785
2020-06-30,geo_4,12917,1542,106,182,181,28.478407127572808
2020-06-30,geo_5,12440,1608,117,182,181,29.96091245713155
2020-06-30,geo_6,22229,3053,187,182,181,34.67039545590904
2020-06-30,geo_7,17892,2476,164,182,181,38.739524688168764
2020-06-30,geo_8,11741,1464,76,182,181,29.049781798747563
2020-06-30,geo_9,16660,1856,121,182,181,23.641705817015563
2020-07-01,geo_0,18533,1669,157,183,182,16.733996453345558
2020-07-01,geo_1,15014,1623,141,183,182,21.979596843624382
2020-07-01,geo_2,18467,2645,232,183,182,38.9405952763518
2020-07-01,geo_3,23120,2397,242,183,182,21.70370860717086
2020-07-01,geo_4,15137,1799,154,183,182,27.91823757583565
2020-07-01,geo_5,14504,1775,151,183,182,28.363680535631325
2020-07-01,geo_6,23369,3125,257,183,182,35.10072589492842
2020-07-01,geo_7,19358,2728,246,183,182,37.77077313143151
2020-07-01,geo_8,13178,1627,128,183,182,28.785048985748134
2020-07-01,geo_9,18529,2035,178,183,182,23.15845824259891
2020-07-02,geo_0,20429,1850,128,184,183,16.252509607197346
2020-07-02,geo_1,16437,1673,104,184,183,21.954778968075136
2020-07-02,geo_2,20153,2801,185,184,183,39.34308670698336
2020-07-02,geo_3,24572,2530,193,184,183,21.392507548394605
2020-07-02,geo_4,16448,1940,108,184,183,27.816439601366568
2020-07-02,geo_5,16391,2043,138,184,183,28.09878925022292
2020-07-02,geo_6,25389,3375,212,184,183,35.1722981539153
2020-07-02,geo_7,21683,2975,192,184,183,37.1056561630894
2020-07-02,geo_8,15392,1931,134,184,183,28.894416411986704
2020-07-02,geo_9,20419,2132,121,184,183,23.28102348998351
2020-07-03,geo_0,20274,1783,105,185,184,16.361432710025877
2020-07-03,geo_1,16654,1636,101,185,184,21.195096235428075
2020-07-03,geo_2,21060,2888,168,185,184,38.82591926456422
2020-07-03,geo_3,25337,2546,173,185,184,21.07543556443795
2020-07-03,geo_4,16663,1986,122,185,184,26.70182153042709
2020-07-03,geo_5,16768,2037,140,185,184,28.46705223527634
2020-07-03,geo_6,25782,3479,201,185,184,34.7291089296218
2020-07-03,geo_7,21567,2987,189,185,184,36.81410267166455
2020-07-03,geo_8,15031,1829,123,185,184,28.17772594700408
2020-07-03,geo_9,20218,2143,127,185,184,22.185041050744285
2020-07-04,geo_0,18927,1652,127,186,185,15.627495116614107
2020-07-04,geo_1,15621,1553,98,186,185,20.875509605232438
2020-07-04,geo_2,18737,2618,187,186,185,38.73005843520657
2020-07-04,geo_3,23118,2374,150,186,185,20.719952968330244
2020-07-04,geo_4,14663,1603,117,186,185,26.446406162376537
2020-07-04,geo_5,15210,1865,126,186,185,27.869761601368424
2020-07-04,geo_6,24335,3251,239,186,185,34.54060960717148
2020-07-04,geo_7,19552,2744,191,186,185,37.122425566492886
2020-07-04,geo_8,13721,1670,116,186,185,28.102351109041873
2020-07-04,geo_9,18910,1949,129,186,185,22.1576912800119
2020-07-05,geo_0,16429,1382,51,187,186,15.343284807496895
2020-07-05,geo_1,13277,1292,56,187,186,19.69544303134011
2020-07-05,geo_2,16912,2349,107,187,186,37.77585513993712
2020-07-05,geo_3,21199,2175,85,187,186,20.511723908087568
2020-07-05,geo_4,12302,1459,56,187,186,26.012858274545057
2020-07-05,geo_5,12392,1502,51,187,186,27.661604612472452
2020-07-05,geo_6,21873,2912,146,187,186,34.942909516156085
2020-07-05,geo_7,17952,2508,119,187,186,37.05305607848646
2020-07-05,geo_8,11426,1395,59,187,186,28.304722024057998
2020-07-05,geo_9,16985,1798,76,187,186,21.773615724686405
2020-07-06,geo_0,14208,1161,88,188,187,14.509443329228342
2020-07-06,geo_1,11330,1084,79,188,187,19.23899954798999
2020-07-06,geo_2,14569,1990,156,188,187,36.94259556039118
2020-07-06,geo_3,19418,2039,158,188,187,20.856199455058313
2020-07-06,geo_4,11262,1307,87,188,187,25.980953148356335
2020-07-06,geo_5,11416,1316,94,188,187,27.4947601262097
2020-07-06,geo_6,19632,2730,192,188,187,35.12596490568573
2020-07-06,geo_7,15726,2157,165,188,187,35.61162792270394
2020-07-06,geo_8,9794,1203,88,188,187,28.172694211246558
2020-07-06,geo_9,14432,1498,100,188,187,20.687861903343144
2020-07-07,geo_0,14802,1143,127,189,188,14.076846508869489
2020-07-07,geo_1,11915,1098,92,189,188,18.656892011483567
2020-07-07,geo_2,15878,2191,247,189,188,36.843846772920955
2020-07-07,geo_3,19584,1954,183,189,188,20.536898882847733
2020-07-07,geo_4,11016,1245,113,189,188,26.227666529750497
2020-07-07,geo_5,11537,1339,138,189,188,26.767966270417357
2020-07-07,geo_6,20328,2753,303,189,188,35.046884321702024
2020-07-07,geo_7,15576,2157,212,189,188,35.26260767938887
2020-07-07,geo_8,10485,1254,119,189,188,26.93020479588721
2020-07-07,geo_9,14665,1408,155,189,188,19.799387993222286
2020-07-08,geo_0,16660,1266,94,190,189,13.574481796924477
2020-07-08,geo_1,13055,1227,99,190,189,18.78831800367551
2020-07-08,geo_2,17654,2399,191,190,189,36.647636815833984
2020-07-08,geo_3,21519,2068,157,190,189,19.52131345059901
2020-07-08,geo_4,12787,1474,131,190,189,25.733195248072708
2020-07-08,geo_5,12521,1506,127,190,189,27.35255625749688
2020-07-08,geo_6,21979,3038,201,190,189,34.67041828295358
2020-07-08,geo_7,18103,2439,214,190,189,34.670360499656226
2020-07-08,geo_8,12215,1446,138,190,189,26.752758772731102
2020-07-08,geo_9,16629,1607,114,190,189,19.753462835786834
2020-07-09,geo_0,18309,1332,133,191,190,12.920792357761293
2020-07-09,geo_1,15267,1476,169,191,190,18.616694065153418
2020-07-09,geo_2,19595,2714,299,191,190,36.05694376185217
2020-07-09,geo_3,23297,2297,221,191,190,19.45098144052657
2020-07-09,geo_4,14647,1715,193,191,190,25.39553583273739
2020-07-09,geo_5,14641,1731,191,191,190,27.17103410733628
2020-07-09,geo_6,24013,3116,358,191,190,33.86058904663472
2020-07-09,geo_7,19111,2582,285,191,190,33.83295828013901
2020-07-09,geo_8,13527,1622,190,191,190,26.80399450720105
2020-07-09,geo_9,18633,1858,206,191,190,19.287964212411993
2020-07-10,geo_0,19131,1426,90,192,191,12.639800332747027
2020-07-10,geo_1,14996,1357,82,192,191,18.04266762910589
2020-07-10,geo_2,19483,2714,182,192,191,36.082157879187456
2020-07-10,geo_3,23436,2251,149,192,191,18.719198129880223
2020-07-10,geo_4,15195,1677,113,192,191,24.907309825637753
2020-07-10,geo_5,14644,1706,114,192,191,27.14360505751415
2020-07-10,geo_6,24140,3199,214,192,191,34.01895411334038
2020-07-10,geo_7,20052,2648,166,192,191,33.1464211581409
2020-07-10,geo_8,13791,1643,115,192,191,27.36439929714144
2020-07-10,geo_9,18672,1808,132,192,191,19.020881457026192
2020-07-11,geo_0,17218,1183,66,193,192,11.697196141919381
2020-07-11,geo_1,14180,1416,86,193,192,17.80871926992786
2020-07-11,geo_2,17517,2424,168,193,192,35.46888191820713
2020-07-11,geo_3,22398,2199,162,193,192,18.510747831061735
2020-07-11,geo_4,13545,1495,107,193,192,24.467808397217794
2020-07-11,geo_5,13000,1504,101,193,192,26.762668529381102
2020-07-11,geo_6,21958,2903,181,193,192,33.1374337656656
2020-07-11,geo_7,17974,2392,167,193,192,33.21917005612567
2020-07-11,geo_8,12301,1373,79,193,192,26.369244966650644
2020-07-11,geo_9,17580,1638,130,193,192,18.045165829724038
2020-07-12,geo_0,14985,1022,58,194,193,11.462376830264887
2020-07-12,geo_1,11609,1160,73,194,193,18.194290869786013
2020-07-12,geo_2,15424,2117,109,194,193,34.87345357923216
2020-07-12,geo_3,19050,1822,105,194,193,18.438417263867148
2020-07-12,geo_4,10737,1207,52,194,193,24.589026526013054
2020-07-12,geo_5,10927,1310,92,194,193,26.754558720183653
2020-07-12,geo_6,19623,2528,115,194,193,32.55877527483844
2020-07-12,geo_7,15686,1997,102,194,193,32.25401271211165
2020-07-12,geo_8,10071,1090,51,194,193,24.850995720529806
2020-07-12,geo_9,15269,1336,68,194,193,17.49505418496031
2020-07-13,geo_0,13443,968,50,195,194,11.635830356400579
2020-07-13,geo_1,10274,1012,56,195,194,17.219248266678324
2020-07-13,geo_2,13759,1848,110,195,194,34.80734043628913
2020-07-13,geo_3,17945,1691,97,195,194,17.54346361101723
2020-07-13,geo_4,9718,1133,64,195,194,24.229498996833012
2020-07-13,geo_5,9817,1182,85,195,194,26.6958906421539
2020-07-13,geo_6,18228,2262,113,195,194,31.80891420277409
2020-07-13,geo_7,14459,1846,100,195,194,31.922538281946522
2020-07-13,geo_8,8818,975,50,195,194,24.231855942729865
2020-07-13,geo_9,13195,1225,73,195,194,17.431847781592865
2020-07-14,geo_0,13564,886,35,196,195,11.341074130613448
2020-07-14,geo_1,10196,922,39,196,195,16.837697742385167
2020-07-14,geo_2,13924,1933,117,196,195,35.17347749535658
2020-07-14,geo_3,18326,1758,98,196,195,17.457947399396783
2020-07-14,geo_4,9677,1030,56,196,195,23.474911471526198
2020-07-14,geo_5,9378,1127,52,196,195,26.243547032295073
2020-07-14,geo_6,18149,2342,124,196,195,31.35406136452326
2020-07-14,geo_7,14970,1955,94,196,195,31.54916525382871
2020-07-14,geo_8,8136,991,48,196,195,25.08566128759912
2020-07-14,geo_9,13734,1262,81,196,195,17.204669799328155
2020-07-15,geo_0,14820,951,71,197,196,9.914146421167192
2020-07-15,geo_1,12411,1097,92,197,196,16.159910516817487
2020-07-15,geo_2,15613,2096,155,197,196,33.797697111242876
2020-07-15,geo_3,20201,1782,132,197,196,16.879852844104374
2020-07-15,geo_4,11736,1212,87,197,196,22.075258111621164
2020-07-15,geo_5,11798,1385,99,197,196,25.401753485063157
2020-07-15,geo_6,20221,2632,197,197,196,30.180272962293788
2020-07-15,geo_7,16631,2224,159,197,196,31.331160235046298
2020-07-15,geo_8,10298,1180,86,197,196,24.68088699980122
2020-07-15,geo_9,15338,1317,94,197,196,16.946986986812814
2020-07-16,geo_0,16568,1042,84,198,197,9.456592498275496
2020-07-16,geo_1,13214,1103,89,198,197,15.060048689443704
2020-07-16,geo_2,17888,2384,207,198,197,33.64856723883604
2020-07-16,geo_3,22015,2055,182,198,197,17.431506043858068
2020-07-16,geo_4,13282,1415,133,198,197,21.87753742128951
2020-07-16,geo_5,13501,1507,135,198,197,24.78646413971631
2020-07-16,geo_6,22518,2682,239,198,197,29.056550182996887
2020-07-16,geo_7,17909,2254,177,198,197,30.470749863027745
2020-07-16,geo_8,12168,1333,112,198,197,24.506025495279957
2020-07-16,geo_9,16740,1547,146,198,197,17.078081925593732
2020-07-17,geo_0,17388,992,87,199,198,9.185701894316038
2020-07-17,geo_1,14107,1219,85,199,198,15.061208888406913
2020-07-17,geo_2,18190,2358,179,199,198,33.6004763159499
2020-07-17,geo_3,21948,2100,170,199,198,17.279309491478934
2020-07-17,geo_4,13173,1359,88,199,198,21.149899384244435
2020-07-17,geo_5,13331,1472,127,199,198,24.475024590880814
2020-07-17,geo_6,22169,2628,202,199,198,28.226669667447176
2020-07-17,geo_7,18073,2254,167,199,198,30.07705271040576
2020-07-17,geo_8,12699,1418,86,199,198,24.273992440996075
2020-07-17,geo_9,17008,1546,111,199,198,17.515966105363873
2020-07-18,geo_0,15134,797,28,200,199,8.133719388507657
2020-07-18,geo_1,13012,1080,36,200,199,14.907359800705382
2020-07-18,geo_2,16286,2178,81,200,199,33.943378096108106
2020-07-18,geo_3,21036,1896,87,200,199,17.25752020023192
2020-07-18,geo_4,11466,1178,43,200,199,21.172147402172776
2020-07-18,geo_5,12012,1399,59,200,199,24.374647273607614
2020-07-18,geo_6,20364,2531,112,200,199,28.4743982614011
2020-07-18,geo_7,16535,1995,88,200,199,29.135120575057602
2020-07-18,geo_8,11067,1224,52,200,199,23.18773100741222
2020-07-18,geo_9,15534,1457,72,200,199,17.11550041316184
2020-07-19,geo_0,13337,0,0,201,200,0.0
2020-07-19,geo_1,10212,0,0,201,200,0.0
2020-07-19,geo_2,13884,0,0,201,200,0.0
2020-07-19,geo_3,19072,0,0,201,200,0.0
2020-07-19,geo_4,9067,0,0,201,200,0.0
2020-07-19,geo_5,9757,0,0,201,200,0.0
2020-07-19,geo_6,18991,0,0,201,200,0.0
2020-07-19,geo_7,14537,0,0,201,200,0.0
2020-07-19,geo_8,8865,0,0,201,200,0.0
2020-07-19,geo_9,13168,0,0,201,200,0.0
2020-07-20,geo_0,11432,0,0,202,201,0.0
2020-07-20,geo_1,8342,0,0,202,201,0.0
2020-07-20,geo_2,12877,0,0,202,201,0.0
2020-07-20,geo_3,17352,0,0,202,201,0.0
2020-07-20,geo_4,7681,0,0,202,201,0.0
2020-07-20,geo_5,8145,0,0,202,201,0.0
2020-07-20,geo_6,16889,0,0,202,201,0.0
2020-07-20,geo_7,13090,0,0,202,201,0.0
2020-07-20,geo_8,6773,0,0,202,201,0.0
2020-07-20,geo_9,12368,0,0,202,201,0.0
2020-07-21,geo_0,11964,0,0,203,202,0.0
2020-07-21,geo_1,8839,0,0,203,202,0.0
2020-07-21,geo_2,12234,0,0,203,202,0.0
2020-07-21,geo_3,16806,0,0,203,202,0.0
2020-07-21,geo_4,8036,0,0,203,202,0.0
2020-07-21,geo_5,8099,0,0,203,202,0.0
2020-07-21,geo_6,17684,0,0,203,202,0.0
2020-07-21,geo_7,13255,0,0,203,202,0.0
2020-07-21,geo_8,7223,0,0,203,202,0.0
2020-07-21,geo_9,11808,0,0,203,202,0.0
2020-07-22,geo_0,14172,0,0,204,203,0.0
2020-07-22,geo_1,10991,0,0,204,203,0.0
2020-07-22,geo_2,14084,0,0,204,203,0.0
2020-07-22,geo_3,19061,0,0,204,203,0.0
2020-07-22,geo_4,10042,0,0,204,203,0.0
2020-07-22,geo_5,9699,0,0,204,203,0.0
2020-07-22,geo_6,19107,0,0,204,203,0.0
2020-07-22,geo_7,15194,0,0,204,203,0.0
2020-07-22,geo_8,8597,0,0,204,203,0.0
2020-07-22,geo_9,14537,0,0,204,203,0.0
2020-07-23,geo_0,15827,0,0,205,204,0.0
2020-07-23,geo_1,12725,0,0,205,204,0.0
2020-07-23,geo_2,16282,0,0,205,204,0.0
2020-07-23,geo_3,20476,0,0,205,204,0.0
2020-07-23,geo_4,11837,0,0,205,204,0.0
2020-07-23,geo_5,12032,0,0,205,204,0.0
2020-07-23,geo_6,20290,0,0,205,204,0.0
2020-07-23,geo_7,16930,0,0,205,204,0.0
2020-07-23,geo_8,11031,0,0,205,204,0.0
2020-07-23,geo_9,15918,0,0,205,204,0.0
2020-07-24,geo_0,15350,0,0,206,205,0.0
2020-07-24,geo_1,12922,0,0,206,205,0.0
2020-07-24,geo_2,16185,0,0,206,205,0.0
2020-07-24,geo_3,20838,0,0,206,205,0.0
2020-07-24,geo_4,11917,0,0,206,205,0.0
2020-07-24,geo_5,11977,0,0,206,205,0.0
2020-07-24,geo_6,21335,0,0,206,205,0.0
2020-07-24,geo_7,17360,0,0,206,205,0.0
2020-07-24,geo_8,10724,0,0,206,205,0.0
2020-07-24,geo_9,16590,0,0,206,205,0.0
2020-07-25,geo_0,14667,0,0,207,206,0.0
2020-07-25,geo_1,11635,0,0,207,206,0.0
2020-07-25,geo_2,14736,0,0,207,206,0.0
2020-07-25,geo_3,19418,0,0,207,206,0.0
2020-07-25,geo_4,11158,0,0,207,206,0.0
2020-07-25,geo_5,10942,0,0,207,206,0.0
2020-07-25,geo_6,19139,0,0,207,206,0.0
2020-07-25,geo_7,15342,0,0,207,206,0.0
2020-07-25,geo_8,9449,0,0,207,206,0.0
2020-07-25,geo_9,14987,0,0,207,206,0.0
2020-07-26,geo_0,12020,531,21,208,207,6.4102547969113095
2020-07-26,geo_1,8769,668,30,208,207,13.134759966672597
2020-07-26,geo_2,12571,1556,65,208,207,30.383684515457862
2020-07-26,geo_3,17175,1467,80,208,207,16.413207274041408
2020-07-26,geo_4,8579,829,36,208,207,18.729794647489673
2020-07-26,geo_5,8140,840,34,208,207,20.932765466883122
2020-07-26,geo_6,17638,2007,103,208,207,25.575331628270106
2020-07-26,geo_7,13668,1548,69,208,207,24.564733541677985
2020-07-26,geo_8,6936,683,26,208,207,19.386790887261327
2020-07-26,geo_9,12220,877,33,208,207,12.858624538400187
2020-07-27,geo_0,10305,472,20,209,208,6.624864956614727
2020-07-27,geo_1,7502,587,33,209,208,13.589356159717807
2020-07-27,geo_2,11245,1368,102,209,208,30.52355260047352
2020-07-27,geo_3,15602,1370,100,209,208,16.696268959393787
2020-07-27,geo_4,7146,698,46,209,208,18.211409095401994
2020-07-27,geo_5,6610,699,44,209,208,20.26856885898982
2020-07-27,geo_6,16074,1852,117,209,208,24.83363724451951
2020-07-27,geo_7,11742,1305,78,209,208,24.53721427580753
2020-07-27,geo_8,5294,498,38,209,208,19.155067693839325
2020-07-27,geo_9,10713,777,50,209,208,12.471247125444295
2020-07-28,geo_0,10995,543,35,210,209,6.930313238993546
2020-07-28,geo_1,7410,573,39,210,209,13.451866390583431
2020-07-28,geo_2,11892,1434,86,210,209,29.76158087928045
2020-07-28,geo_3,16109,1435,91,210,209,16.010159182074087
2020-07-28,geo_4,7064,688,45,210,209,18.21277112766716
2020-07-28,geo_5,7589,805,46,210,209,20.449800612194764
2020-07-28,geo_6,15462,1710,99,210,209,24.76362774392086
2020-07-28,geo_7,11631,1342,81,210,209,25.14260519972773
2020-07-28,geo_8,5633,539,30,210,209,19.633734951316374
2020-07-28,geo_9,11230,850,57,210,209,12.349482166483652
2020-07-29,geo_0,12609,580,43,211,210,6.175575175584476
2020-07-29,geo_1,8969,708,52,211,210,12.463548173587348
2020-07-29,geo_2,13097,1623,97,211,210,29.23193545046166
2020-07-29,geo_3,17672,1469,118,211,210,16.04785769149609
2020-07-29,geo_4,8412,828,56,211,210,18.793089674738436
2020-07-29,geo_5,9281,942,64,211,210,20.325519082143458
2020-07-29,geo_6,18154,2086,148,211,210,25.008890465088637
2020-07-29,geo_7,14067,1662,119,211,210,24.68359436657623
2020-07-29,geo_8,8150,880,70,211,210,19.612897230760343
2020-07-29,geo_9,12572,949,59,211,210,12.425559023294648
2020-07-30,geo_0,14872,501,18,212,211,4.85719994119381
2020-07-30,geo_1,11126,784,48,212,211,11.930330465955093
2020-07-30,geo_2,15299,1970,118,212,211,29.37771110271861
2020-07-30,geo_3,19104,1649,107,212,211,15.853124149936173
2020-07-30,geo_4,11217,1027,44,212,211,17.868646770365213
2020-07-30,geo_5,10620,1095,62,212,211,18.784272460429637
2020-07-30,geo_6,19504,2195,140,212,211,24.493845821374023
2020-07-30,geo_7,15082,1679,114,212,211,24.318332689993408
2020-07-30,geo_8,9496,906,62,212,211,18.845517055850035
2020-07-30,geo_9,14706,1064,61,212,211,12.168372721253386
2020-07-31,geo_0,14806,519,19,213,212,4.788869905030938
2020-07-31,geo_1,11827,851,46,213,212,11.946185777739933
2020-07-31,geo_2,14817,1807,112,213,212,27.877742445869412
2020-07-31,geo_3,19818,1627,84,213,212,14.871141354514126
2020-07-31,geo_4,10662,959,50,213,212,17.397153380121974
2020-07-31,geo_5,11333,1117,49,213,212,18.751176907479902
2020-07-31,geo_6,20059,2226,121,213,212,24.413440025490292
2020-07-31,geo_7,16035,1722,105,213,212,24.231872644844504
2020-07-31,geo_8,10036,928,41,213,212,18.335376238207022
2020-07-31,geo_9,14667,988,59,213,212,11.682885153753674
2020-08-01,geo_0,12947,378,24,214,213,4.110415106776862
2020-08-01,geo_1,10160,748,29,214,213,12.017982029911954
2020-08-01,geo_2,13853,1644,79,214,213,27.102733031948578
2020-08-01,geo_3,17937,1474,76,214,213,14.978627169518019
2020-08-01,geo_4,9413,857,44,214,213,17.189078506135143
2020-08-01,geo_5,9738,931,38,214,213,18.416653123972974
2020-08-01,geo_6,18302,1999,87,214,213,23.7673739937982
2020-08-01,geo_7,13990,1543,57,214,213,23.238959549325873
2020-08-01,geo_8,8634,824,27,214,213,17.70028170883863
2020-08-01,geo_9,13629,935,39,214,213,11.20344743323881
2020-08-02,geo_0,10313,219,8,215,214,2.6190179496801735
2020-08-02,geo_1,7405,528,20,215,214,11.614361930884716
2020-08-02,geo_2,11409,1392,71,215,214,27.25756304699024
2020-08-02,geo_3,15810,1344,49,215,214,14.952185294068649
2020-08-02,geo_4,7026,590,24,215,214,16.63632531331491
2020-08-02,geo_5,7378,726,27,215,214,18.13547096821431
2020-08-02,geo_6,16309,1705,67,215,214,23.17906663624759
2020-08-02,geo_7,12245,1387,51,215,214,23.005622988254114
2020-08-02,geo_8,5743,556,26,215,214,18.166401428967742
2020-08-02,geo_9,11513,804,43,215,214,11.380671106827124
2020-08-03,geo_0,9138,200,15,216,215,2.5801003945888823
2020-08-03,geo_1,6615,455,20,216,215,11.070499329263235
2020-08-03,geo_2,10039,1269,63,216,215,27.33276530569549
2020-08-03,geo_3,13823,1048,56,216,215,13.80634437875986
2020-08-03,geo_4,5915,468,22,216,215,16.21301348362089
2020-08-03,geo_5,5543,522,32,216,215,18.130191540644734
2020-08-03,geo_6,14787,1638,95,216,215,23.24670485727426
2020-08-03,geo_7,9931,1092,52,216,215,23.04043912109884
2020-08-03,geo_8,4129,419,29,216,215,18.017380084107042
2020-08-03,geo_9,9983,681,34,216,215,10.983356654393562
2020-08-04,geo_0,9393,195,10,217,216,2.557502172327918
2020-08-04,geo_1,6845,447,11,217,216,10.30432824546566
2020-08-04,geo_2,10169,1205,51,217,216,26.61839991391399
2020-08-04,geo_3,14627,1132,47,217,216,13.54261750537498
2020-08-04,geo_4,6106,533,20,217,216,16.010149437851364
2020-08-04,geo_5,6132,538,22,217,216,16.927921036715148
2020-08-04,geo_6,14824,1634,71,217,216,23.179518277885162
2020-08-04,geo_7,10639,1199,51,217,216,23.134426649547166
2020-08-04,geo_8,4356,399,14,217,216,17.689954964359824
2020-08-04,geo_9,9717,648,22,217,216,11.878869877919737
2020-08-05,geo_0,11815,182,12,218,217,1.9323280676503432
2020-08-05,geo_1,8741,558,36,218,217,9.841873880323588
2020-08-05,geo_2,12745,1454,109,218,217,26.13673126161608
2020-08-05,geo_3,16792,1316,85,218,217,13.217890430326868
2020-08-05,geo_4,8046,670,55,218,217,15.564146439995028
2020-08-05,geo_5,8164,708,50,218,217,15.942875126800406
2020-08-05,geo_6,16515,1815,127,218,217,22.619449776065082
2020-08-05,geo_7,13376,1428,114,218,217,22.801140657553102
2020-08-05,geo_8,6834,618,51,218,217,18.023262394310397
2020-08-05,geo_9,11625,868,56,218,217,12.696154865471122
2020-08-06,geo_0,12887,211,10,219,218,2.3243821015623953
2020-08-06,geo_1,10068,591,50,219,218,9.18024643159603
2020-08-06,geo_2,14104,1588,104,219,218,25.51272701636013
2020-08-06,geo_3,18647,1357,102,219,218,12.859699280541529
2020-08-06,geo_4,9736,845,64,219,218,16.182750501178678
2020-08-06,geo_5,9692,794,51,219,218,15.586487672534904
2020-08-06,geo_6,19138,1995,160,219,218,21.677012641166208
2020-08-06,geo_7,14411,1597,123,219,218,22.27412183254026
2020-08-06,geo_8,8265,781,53,219,218,18.128758270498178
2020-08-06,geo_9,12979,997,71,219,218,12.765315670641765
2020-08-07,geo_0,13869,226,8,220,219,1.9567511829514048
2020-08-07,geo_1,10991,648,18,220,219,9.256124511961477
2020-08-07,geo_2,14206,1656,86,220,219,24.108214134104166
2020-08-07,geo_3,18944,1388,65,220,219,12.64133154866753
2020-08-07,geo_4,9721,841,30,220,219,16.347518734487476
2020-08-07,geo_5,10354,898,46,220,219,14.904481513980699
2020-08-07,geo_6,18946,1911,94,220,219,20.988409128240264
2020-08-07,geo_7,15193,1602,79,220,219,21.072649950892128
2020-08-07,geo_8,8433,816,36,220,219,18.65875580832781
2020-08-07,geo_9,14326,1006,44,220,219,12.137593420535211
2020-08-08,geo_0,12390,187,4,221,220,1.8180398659019206
2020-08-08,geo_1,8807,522,18,221,220,9.300490935077482
2020-08-08,geo_2,13273,1512,47,221,220,24.604623481746103
2020-08-08,geo_3,17131,1270,33,221,220,12.302475457517778
2020-08-08,geo_4,8730,723,34,221,220,15.8204586242621
2020-08-08,geo_5,8131,684,30,221,220,14.733670082679447
2020-08-08,geo_6,17638,1820,80,221,220,21.368394873793513
2020-08-08,geo_7,13503,1435,62,221,220,20.727627981447018
2020-08-08,geo_8,6979,630,19,221,220,17.924580929579374
2020-08-08,geo_9,11961,842,39,221,220,11.10786268549211
2020-08-09,geo_0,9362,78,2,222,221,0.9565696557287112
2020-08-09,geo_1,6638,425,15,222,221,9.483452782660647
2020-08-09,geo_2,10260,1104,45,222,221,24.193110763481855
2020-08-09,geo_3,15019,1024,46,222,221,11.745306008938506
2020-08-09,geo_4,5892,475,19,222,221,15.213479985083607
2020-08-09,geo_5,5997,472,22,222,221,14.52719794431357
2020-08-09,geo_6,15390,1544,67,222,221,20.99511592061848
2020-08-09,geo_7,10836,1108,41,222,221,20.339560446297725
2020-08-09,geo_8,5421,502,23,222,221,18.350833114638302
2020-08-09,geo_9,10323,739,24,222,221,11.625934290830275
2020-08-10,geo_0,8456,0,0,223,222,0.0
2020-08-10,geo_1,5280,274,16,223,222,9.406486948885037
2020-08-10,geo_2,9527,1058,59,223,222,23.562017781758637
2020-08-10,geo_3,13129,936,38,223,222,11.376385075601258
2020-08-10,geo_4,4281,362,13,223,222,15.127587732290673
2020-08-10,geo_5,4478,376,13,223,222,14.18030650100192
2020-08-10,geo_6,13998,1436,50,223,222,20.865412912597023
2020-08-10,geo_7,9244,937,34,223,222,20.433092864432208
2020-08-10,geo_8,3683,321,15,223,222,18.258155425120567
2020-08-10,geo_9,8940,649,29,223,222,11.060109179122243
2020-08-11,geo_0,9008,0,0,224,223,0.0
2020-08-11,geo_1,5594,287,17,224,223,8.45444969519114
2020-08-11,geo_2,8976,956,70,224,223,22.901040976015054
2020-08-11,geo_3,14153,1009,55,224,223,12.121345163419754
2020-08-11,geo_4,5270,421,23,224,223,14.499623872815759
2020-08-11,geo_5,4757,354,16,224,223,13.351654984269704
2020-08-11,geo_6,13601,1439,80,224,223,20.78917007971179
2020-08-11,geo_7,10564,1037,66,224,223,20.143613433922898
2020-08-11,geo_8,4076,382,25,224,223,17.928941948010277
2020-08-11,geo_9,9227,668,40,224,223,11.53086139426116
2020-08-12,geo_0,10874,0,0,225,224,0.0
2020-08-12,geo_1,7377,405,28,225,224,7.965944424701646
2020-08-12,geo_2,11495,1252,91,225,224,22.463530617350358
2020-08-12,geo_3,15628,1098,71,225,224,11.642798948527968
2020-08-12,geo_4,6806,546,42,225,224,14.713699096768057
2020-08-12,geo_5,6844,487,32,225,224,12.9742865460453
2020-08-12,geo_6,16163,1652,123,225,224,19.665212657236157
2020-08-12,geo_7,11924,1189,86,225,224,19.893911277993357
2020-08-12,geo_8,6059,555,42,225,224,16.937659201915082
2020-08-12,geo_9,10650,784,43,225,224,12.397940996310421
2020-08-13,geo_0,12346,0,0,226,225,0.0
2020-08-13,geo_1,9343,472,34,226,225,7.670269495560723
2020-08-13,geo_2,13235,1428,101,226,225,22.376195013129053
2020-08-13,geo_3,17668,1248,108,226,225,11.280130018185861
2020-08-13,geo_4,8559,659,52,226,225,14.354147165517958
2020-08-13,geo_5,8776,677,47,226,225,12.970663423386577
2020-08-13,geo_6,17288,1716,90,226,225,20.209858082376968
2020-08-13,geo_7,13607,1327,94,226,225,20.060969517062574
2020-08-13,geo_8,7507,685,46,226,225,17.462883667145128
2020-08-13,geo_9,12863,924,57,226,225,11.65842188806041
2020-08-14,geo_0,13096,0,0,227,226,0.0
2020-08-14,geo_1,9746,482,13,227,226,7.541998885857549
2020-08-14,geo_2,13736,1463,79,227,226,22.344222420416127
2020-08-14,geo_3,18158,1276,69,227,226,11.758903298562762
2020-08-14,geo_4,9419,741,35,227,226,14.038056289763013
2020-08-14,geo_5,8515,670,37,227,226,12.562215405479861
2020-08-14,geo_6,17896,1839,93,227,226,20.26738812817316
2020-08-14,geo_7,14124,1334,66,227,226,18.964101270700787
2020-08-14,geo_8,7921,698,39,227,226,17.139244819255108
2020-08-14,geo_9,12752,900,32,227,226,11.384022851032013
2020-08-15,geo_0,11061,0,0,228,227,0.0
2020-08-15,geo_1,7984,390,22,228,227,7.873558467178879
2020-08-15,geo_2,12463,1315,64,228,227,21.614578147073548
2020-08-15,geo_3,15818,1079,53,228,227,11.490697268185457
2020-08-15,geo_4,7840,617,30,228,227,13.987853760178007
2020-08-15,geo_5,7411,563,33,228,227,13.042160011664343
2020-08-15,geo_6,16723,1658,106,228,227,20.06172785558887
2020-08-15,geo_7,12544,1181,61,228,227,19.233416085638137
2020-08-15,geo_8,6335,565,38,228,227,17.293223898600708
2020-08-15,geo_9,11524,743,42,228,227,11.247436110192655
2020-08-16,geo_0,8528,0,0,229,228,0.0
2020-08-16,geo_1,5414,243,7,229,228,6.968288733973478
2020-08-16,geo_2,9502,989,39,229,228,21.47836829517581
2020-08-16,geo_3,13557,929,38,229,228,11.028220554872933
2020-08-16,geo_4,5065,399,17,229,228,14.259685168484125
2020-08-16,geo_5,5307,368,9,229,228,13.227289102346663
2020-08-16,geo_6,14702,1429,74,229,228,19.778186670317083
2020-08-16,geo_7,10408,1026,44,229,228,18.46487006097911
2020-08-16,geo_8,4455,395,19,229,228,17.36123394712889
2020-08-16,geo_9,9108,613,28,229,228,10.54919790898664
2020-08-17,geo_0,8011,0,0,230,229,0.0
2020-08-17,geo_1,4314,186,9,230,229,6.299651173574507
2020-08-17,geo_2,7848,852,45,230,229,21.2287762489794
2020-08-17,geo_3,12695,900,41,230,229,11.43138965341991
2020-08-17,geo_4,3769,271,21,230,229,14.078406533870169
2020-08-17,geo_5,3881,285,20,230,229,12.826921527282503
2020-08-17,geo_6,12901,1240,65,230,229,18.833349896077433
2020-08-17,geo_7,9360,900,49,230,229,18.560374736649432
2020-08-17,geo_8,2971,259,14,230,229,16.79269360570758
2020-08-17,geo_9,8181,531,23,230,229,10.427804674058402
2020-08-18,geo_0,8558,0,0,231,230,0.0
2020-08-18,geo_1,4509,203,14,231,230,6.548910751656118
2020-08-18,geo_2,8518,862,48,231,230,20.978988986025954
2020-08-18,geo_3,13037,872,51,231,230,11.2292525187973
2020-08-18,geo_4,4297,345,21,231,230,14.151613845313406
2020-08-18,geo_5,4342,325,19,231,230,13.710725328274178
2020-08-18,geo_6,13856,1387,75,231,230,19.1048023632992
2020-08-18,geo_7,9615,889,56,231,230,18.344697525328097
2020-08-18,geo_8,3374,301,14,231,230,16.625025129691334
2020-08-18,geo_9,8033,484,36,231,230,9.994385729865272
2020-08-19,geo_0,10291,0,0,232,231,0.0
2020-08-19,geo_1,7192,302,27,232,231,6.1118500795542765
2020-08-19,geo_2,10933,1148,75,232,231,20.430961339123883
2020-08-19,geo_3,14461,992,71,232,231,11.392559679928342
2020-08-19,geo_4,6336,495,26,232,231,13.45548514358603
2020-08-19,geo_5,5769,447,17,232,231,14.21679930981565
2020-08-19,geo_6,15211,1492,96,232,231,19.31735670850133
2020-08-19,geo_7,10836,1001,71,232,231,18.1928011760595
2020-08-19,geo_8,5363,467,38,232,231,16.465030482315065
2020-08-19,geo_9,10393,627,37,232,231,9.553962079472162
2020-08-20,geo_0,11518,0,0,233,232,0.0
2020-08-20,geo_1,8472,386,22,233,232,6.504389920580039
2020-08-20,geo_2,12397,1188,87,233,232,19.92668125691498
2020-08-20,geo_3,16301,1091,61,233,232,10.471819254705428
2020-08-20,geo_4,7741,612,48,233,232,13.655733088879527
2020-08-20,geo_5,8025,676,40,233,232,14.227621089952539
2020-08-20,geo_6,17373,1664,105,233,232,18.60312635600895
2020-08-20,geo_7,12655,1210,90,233,232,17.673220675346656
2020-08-20,geo_8,6489,543,38,233,232,15.884472929059363
2020-08-20,geo_9,11920,694,44,233,232,9.039154542677693
2020-08-21,geo_0,12705,0,0,234,233,0.0
2020-08-21,geo_1,9381,416,15,234,233,6.228815946336282
2020-08-21,geo_2,13327,1318,57,234,233,19.45786128721734
2020-08-21,geo_3,17240,1087,49,234,233,9.9480532499997
2020-08-21,geo_4,8734,689,31,234,233,13.399176979877343
2020-08-21,geo_5,8296,713,40,234,233,14.169302896999671
2020-08-21,geo_6,17683,1643,76,234,233,18.300212682225645
2020-08-21,geo_7,14155,1329,56,234,233,18.108959198234714
2020-08-21,geo_8,7547,637,26,234,233,15.996686997526716
2020-08-21,geo_9,12889,661,27,234,233,8.100459171447218
2020-08-22,geo_0,11158,0,0,235,234,0.0
2020-08-22,geo_1,7098,304,15,235,234,6.398512923070732
2020-08-22,geo_2,11922,1138,55,235,234,19.106368760785127
2020-08-22,geo_3,15523,903,41,235,234,9.065150208557236
2020-08-22,geo_4,7072,561,24,235,234,13.27026288826337
2020-08-22,geo_5,6822,551,24,235,234,14.03250107811199
2020-08-22,geo_6,15789,1459,51,235,234,17.604009276879406
2020-08-22,geo_7,11989,1092,37,235,234,17.249063841904793
2020-08-22,geo_8,5785,496,24,235,234,15.820275238498102
2020-08-22,geo_9,10971,566,24,235,234,7.849936462597963
2020-08-23,geo_0,8782,0,0,236,235,0.0
2020-08-23,geo_1,5006,226,4,236,235,6.232969167811682
2020-08-23,geo_2,8899,833,34,236,235,18.430165039739187
2020-08-23,geo_3,13582,806,25,236,235,8.72182701024038
2020-08-23,geo_4,4825,389,13,236,235,13.413205706252882
2020-08-23,geo_5,5169,443,17,236,235,13.733796320306665
2020-08-23,geo_6,14005,1267,46,236,235,16.6420393876347
2020-08-23,geo_7,10115,875,30,236,235,16.88775261753609
2020-08-23,geo_8,3928,331,14,236,235,15.161767105583387
2020-08-23,geo_9,8768,453,10,236,235,7.858820224436101
2020-08-24,geo_0,7230,0,0,237,236,0.0
2020-08-24,geo_1,3831,144,5,237,236,5.288983523207108
2020-08-24,geo_2,7661,729,39,237,236,18.694168955338185
2020-08-24,geo_3,12520,696,21,237,236,8.049215810220154
2020-08-24,geo_4,3537,300,12,237,236,14.07830835404331
2020-08-24,geo_5,3793,309,8,237,236,13.59491967180914
2020-08-24,geo_6,12632,1099,44,237,236,15.902259107303099
2020-08-24,geo_7,8760,818,37,237,236,16.201118619726383
2020-08-24,geo_8,2816,235,10,237,236,15.221595352769112
2020-08-24,geo_9,7337,351,18,237,236,7.547789072103099
2020-08-25,geo_0,7319,0,0,238,237,0.0
2020-08-25,geo_1,4499,198,10,238,237,5.990010940905645
2020-08-25,geo_2,8227,764,61,238,237,18.23835286066757
2020-08-25,geo_3,12830,669,45,238,237,7.972069535694331
2020-08-25,geo_4,4188,339,18,238,237,14.68296888197194
2020-08-25,geo_5,4132,341,20,238,237,13.624914676502812
2020-08-25,geo_6,12753,1044,69,238,237,14.99176983182592
2020-08-25,geo_7,8562,756,60,238,237,16.347491823524308
2020-08-25,geo_8,2805,222,16,238,237,14.535079619833386
2020-08-25,geo_9,7603,435,23,238,237,8.145110355470454
2020-08-26,geo_0,9780,0,0,239,238,0.0
2020-08-26,geo_1,6277,284,17,239,238,7.378626402362035
2020-08-26,geo_2,9932,992,48,239,238,18.875142975754823
2020-08-26,geo_3,13940,718,46,239,238,7.47601346150984
2020-08-26,geo_4,5928,481,30,239,238,14.596928634948577
2020-08-26,geo_5,5950,470,18,239,238,13.90568965202657
2020-08-26,geo_6,14695,1219,72,239,238,15.285795345414215
2020-08-26,geo_7,10378,890,38,239,238,16.471645973417022
2020-08-26,geo_8,4687,388,21,239,238,15.065337742189008
2020-08-26,geo_9,9539,489,34,239,238,7.986829816831165
2020-08-27,geo_0,11450,0,0,240,239,0.0
2020-08-27,geo_1,8387,429,21,240,239,7.118258545391517
2020-08-27,geo_2,12063,1175,53,240,239,19.21670776169144
2020-08-27,geo_3,16072,815,47,240,239,7.570211794822661
2020-08-27,geo_4,8320,658,38,240,239,14.65571792682437
2020-08-27,geo_5,7719,634,36,240,239,14.216454221426568
2020-08-27,geo_6,16837,1351,57,240,239,14.171827279349385
2020-08-27,geo_7,12385,1081,56,240,239,16.538953568654915
2020-08-27,geo_8,6563,494,26,240,239,15.087973787645499
2020-08-27,geo_9,11178,646,29,240,239,8.733704094540002
2020-08-28,geo_0,11945,0,0,241,240,0.0
2020-08-28,geo_1,9232,480,15,241,240,7.819091764867548
2020-08-28,geo_2,12490,1200,41,241,240,19.17603866374342
2020-08-28,geo_3,16215,848,45,241,240,7.7356438493295485
2020-08-28,geo_4,7872,672,26,241,240,15.415991751615366
2020-08-28,geo_5,7954,626,35,241,240,14.419149273661425
2020-08-28,geo_6,16937,1346,56,241,240,14.29290428100654
2020-08-28,geo_7,12804,1194,42,241,240,16.581631593457175
2020-08-28,geo_8,7328,561,24,241,240,14.768731746674092
2020-08-28,geo_9,11973,671,34,241,240,8.641168219631723
2020-08-29,geo_0,10152,0,0,242,241,0.0
2020-08-29,geo_1,7715,408,12,242,241,7.728188706854187
2020-08-29,geo_2,10881,1048,37,242,241,17.938912264200493
2020-08-29,geo_3,16036,860,43,242,241,7.880394529456755
2020-08-29,geo_4,6505,528,20,242,241,15.286569283592806
2020-08-29,geo_5,7274,583,24,242,241,14.18249355294228
2020-08-29,geo_6,16017,1280,55,242,241,14.332975009959611
2020-08-29,geo_7,12109,1073,44,242,241,15.795605713629463
2020-08-29,geo_8,6171,523,20,242,241,15.66497403578316
2020-08-29,geo_9,10609,575,28,242,241,8.520696107639262
2020-08-30,geo_0,8679,0,0,243,242,0.0
2020-08-30,geo_1,4940,259,13,243,242,7.185968668817217
2020-08-30,geo_2,8823,818,40,243,242,17.89089386490667
2020-08-30,geo_3,13107,717,25,243,242,8.513355447829706
2020-08-30,geo_4,4716,406,17,243,242,15.745062503012784
2020-08-30,geo_5,4302,368,16,243,242,14.550247533453707
2020-08-30,geo_6,13473,1121,59,243,242,14.545621448096227
2020-08-30,geo_7,9519,829,38,243,242,15.556270978656512
2020-08-30,geo_8,3684,328,21,243,242,14.880567335820928
2020-08-30,geo_9,8680,437,24,243,242,8.360248166303698
2020-08-31,geo_0,6854,0,0,244,243,0.0
2020-08-31,geo_1,3527,172,6,244,243,7.6598913702609055
2020-08-31,geo_2,7375,658,23,244,243,17.994716298781285
2020-08-31,geo_3,11595,676,28,244,243,9.268191159205921
2020-08-31,geo_4,2911,266,12,244,243,16.29338063099048
2020-08-31,geo_5,3115,234,8,244,243,14.27157357838142
2020-08-31,geo_6,11869,868,33,244,243,13.596707955985417
2020-08-31,geo_7,8629,732,27,244,243,16.198124853558628
2020-08-31,geo_8,2209,181,8,244,243,15.509952329191885
2020-08-31,geo_9,6972,330,6,244,243,7.626323037190298
2020-09-01,geo_0,7341,0,0,245,244,0.0
2020-09-01,geo_1,3873,182,7,245,244,7.809465238688834
2020-09-01,geo_2,7902,733,39,245,244,18.033246996001445
2020-09-01,geo_3,12390,775,42,245,244,10.033403129770342
2020-09-01,geo_4,3706,375,26,245,244,16.92427826098222
2020-09-01,geo_5,3592,280,16,245,244,14.555794090951109
2020-09-01,geo_6,13107,1009,60,245,244,13.791113127894668
2020-09-01,geo_7,8908,788,51,245,244,16.464459848652222
2020-09-01,geo_8,2752,236,21,245,244,15.268576069655282
2020-09-01,geo_9,7577,373,27,245,244,7.557004193764851
2020-09-02,geo_0,9417,0,0,246,245,0.0
2020-09-02,geo_1,5873,296,33,246,245,7.61038557319775
2020-09-02,geo_2,9958,956,70,246,245,17.81711336626453
2020-09-02,geo_3,14043,863,44,246,245,9.682645235586032
2020-09-02,geo_4,5638,501,32,246,245,16.96012294098983
2020-09-02,geo_5,5695,455,28,246,245,14.361275088943732
2020-09-02,geo_6,14462,1156,71,246,245,14.009106673985087
2020-09-02,geo_7,11223,967,51,246,245,15.62044353132854
2020-09-02,geo_8,4867,429,16,246,245,15.179446557853495
2020-09-02,geo_9,9558,474,40,246,245,7.589997805015573
2020-09-03,geo_0,11261,0,0,247,246,0.0
2020-09-03,geo_1,8582,455,29,247,246,7.500482384083586
2020-09-03,geo_2,11402,1070,70,247,246,17.000596462980486
2020-09-03,geo_3,16525,980,68,247,246,9.836779818761782
2020-09-03,geo_4,7190,653,46,247,246,17.260241814436906
2020-09-03,geo_5,7934,632,44,247,246,14.58435961432075
2020-09-03,geo_6,16284,1383,96,247,246,14.504352688419102
2020-09-03,geo_7,13179,1156,74,247,246,15.697285807130275
2020-09-03,geo_8,6894,582,38,247,246,15.395158698522946
2020-09-03,geo_9,11084,576,41,247,246,7.644174382420903
2020-09-04,geo_0,11593,0,0,248,247,0.0
2020-09-04,geo_1,8875,407,16,248,247,6.696934643933384
2020-09-04,geo_2,12323,1037,41,248,247,16.538755228751906
2020-09-04,geo_3,17089,1051,53,248,247,10.61504657330595
2020-09-04,geo_4,8006,652,28,248,247,16.015105293482296
2020-09-04,geo_5,7985,658,25,248,247,14.49935203705227
2020-09-04,geo_6,16760,1369,75,248,247,15.075298561553778
2020-09-04,geo_7,12711,1068,51,248,247,15.635586690624624
2020-09-04,geo_8,7139,592,36,248,247,15.177769618240532
2020-09-04,geo_9,11999,623,30,248,247,7.693850284901988
2020-09-05,geo_0,10142,0,0,249,248,0.0
2020-09-05,geo_1,7307,322,15,249,248,6.706114469011855
2020-09-05,geo_2,10947,953,30,249,248,16.19077051366804
2020-09-05,geo_3,15670,1062,33,249,248,11.163034248911684
2020-09-05,geo_4,7183,660,34,249,248,16.720498818042213
2020-09-05,geo_5,6661,557,33,249,248,14.426417938999245
2020-09-05,geo_6,15830,1258,64,249,248,14.375700748477417
2020-09-05,geo_7,11859,976,39,249,248,15.367363367068695
2020-09-05,geo_8,5603,478,25,249,248,15.079551016482538
2020-09-05,geo_9,10867,610,34,249,248,7.940332140047197
2020-09-06,geo_0,7837,0,0,250,249,0.0
2020-09-06,geo_1,4539,206,8,250,249,6.323883710310302
2020-09-06,geo_2,9307,869,34,250,249,16.448477529042624
2020-09-06,geo_3,13173,1002,46,250,249,11.634878438766073
2020-09-06,geo_4,4799,420,22,250,249,16.41204994337923
2020-09-06,geo_5,4988,433,22,250,249,13.762157560331625
2020-09-06,geo_6,13149,1171,32,250,249,16.020150965978868
2020-09-06,geo_7,9913,835,31,250,249,15.761387270480482
2020-09-06,geo_8,3326,293,9,250,249,14.9483917643324
2020-09-06,geo_9,8412,448,17,250,249,8.377214235128687
2020-09-07,geo_0,6923,0,0,251,250,0.0
2020-09-07,geo_1,4086,183,5,251,250,6.768308575510287
2020-09-07,geo_2,6889,614,31,251,250,16.539106132214624
2020-09-07,geo_3,11778,829,27,251,250,11.691542504526215
2020-09-07,geo_4,3432,312,17,251,250,16.36609503436635
2020-09-07,geo_5,3298,279,9,251,250,13.049302920481622
2020-09-07,geo_6,12232,1153,46,251,250,17.000232730014925
2020-09-07,geo_7,7655,651,26,251,250,15.301565413130149
2020-09-07,geo_8,1940,143,8,251,250,14.279190531815019
2020-09-07,geo_9,6795,369,14,251,250,8.28170481142178
2020-09-08,geo_0,7558,0,0,252,251,0.0
2020-09-08,geo_1,3950,212,7,252,251,6.761688842288985
2020-09-08,geo_2,7805,711,39,252,251,16.902376505350947
2020-09-08,geo_3,12708,940,44,252,251,12.208752863715363
2020-09-08,geo_4,3207,276,11,252,251,16.792678620219945
2020-09-08,geo_5,4146,330,17,252,251,12.915705121286749
2020-09-08,geo_6,12662,1158,55,252,251,17.04459854463154
2020-09-08,geo_7,8990,822,43,252,251,15.524916618269584
2020-09-08,geo_8,2386,177,15,252,251,13.41946987353492
2020-09-08,geo_9,6951,380,18,252,251,8.586365238263056
2020-09-09,geo_0,9553,0,0,253,252,0.0
2020-09-09,geo_1,6597,336,20,253,252,7.809376942760224
2020-09-09,geo_2,10296,930,55,253,252,16.727850869463417
2020-09-09,geo_3,14021,998,67,253,252,12.144290995933964
2020-09-09,geo_4,5908,509,36,253,252,16.435313500576722
2020-09-09,geo_5,5912,470,33,253,252,12.628208539847597
2020-09-09,geo_6,14695,1380,91,253,252,18.20963677202297
2020-09-09,geo_7,10882,985,72,253,252,16.022866596806747
2020-09-09,geo_8,4694,349,29,253,252,12.672292470935592
2020-09-09,geo_9,9485,547,32,253,252,9.366174456222538
2020-09-10,geo_0,10666,0,0,254,253,0.0
2020-09-10,geo_1,8041,437,29,254,253,7.704445384641217
2020-09-10,geo_2,11761,1062,78,254,253,16.917155504352646
2020-09-10,geo_3,16157,1192,75,254,253,12.173091240805709
2020-09-10,geo_4,7543,699,51,254,253,17.45724393410755
2020-09-10,geo_5,7161,515,37,254,253,12.265703932510284
2020-09-10,geo_6,16352,1544,96,254,253,18.31893474606172
2020-09-10,geo_7,12268,1089,68,254,253,15.844793177110681
2020-09-10,geo_8,6813,466,32,254,253,11.991328978996973
2020-09-10,geo_9,11834,750,51,254,253,10.497911967312994
2020-09-11,geo_0,11226,0,0,255,254,0.0
2020-09-11,geo_1,9076,479,18,255,254,7.858220257514768
2020-09-11,geo_2,12739,1149,51,255,254,16.090860376055627
2020-09-11,geo_3,16629,1206,51,255,254,12.017998471964622
2020-09-11,geo_4,7736,702,26,255,254,17.711896730660992
2020-09-11,geo_5,8080,609,27,255,254,11.897005335765193
2020-09-11,geo_6,17272,1668,65,255,254,18.656803148337552
2020-09-11,geo_7,13003,1103,52,255,254,15.754380592051985
2020-09-11,geo_8,6587,467,16,255,254,12.61493598096006
2020-09-11,geo_9,11520,770,29,255,254,11.222801308670498
2020-09-12,geo_0,10279,0,0,256,255,0.0
2020-09-12,geo_1,7059,370,18,256,255,7.948202479165762
2020-09-12,geo_2,11114,1012,59,256,255,16.2346105554236
2020-09-12,geo_3,15234,1118,51,256,255,12.380153564096833
2020-09-12,geo_4,7123,601,33,256,255,17.770654050554967
2020-09-12,geo_5,7200,566,36,256,255,12.043677145674502
2020-09-12,geo_6,15651,1507,75,256,255,18.58760984870582
2020-09-12,geo_7,12074,1028,46,256,255,15.864085924623232
2020-09-12,geo_8,5458,403,21,256,255,13.315351195774477
2020-09-12,geo_9,10579,796,41,256,255,11.59781133307993
2020-09-13,geo_0,7977,0,0,257,256,0.0
2020-09-13,geo_1,5229,276,20,257,256,8.3691232027409
2020-09-13,geo_2,9499,805,37,257,256,16.21756030949995
2020-09-13,geo_3,13516,986,47,257,256,12.599947456732764
2020-09-13,geo_4,4579,431,25,257,256,17.287395855922632
2020-09-13,geo_5,4794,364,13,257,256,12.73740962810896
2020-09-13,geo_6,13161,1182,45,257,256,17.25654393639082
2020-09-13,geo_7,9888,874,41,257,256,15.880437587458847
2020-09-13,geo_8,3481,254,9,257,256,13.944988380259199
2020-09-13,geo_9,8439,617,27,257,256,10.97566861858648
2020-09-14,geo_0,6961,0,0,258,257,0.0
2020-09-14,geo_1,3886,222,8,258,257,8.095754100226186
2020-09-14,geo_2,7335,609,21,258,257,16.100701572302878
2020-09-14,geo_3,12246,926,24,258,257,13.141054658531676
2020-09-14,geo_4,3158,301,5,258,257,17.453374211219387
2020-09-14,geo_5,3512,246,12,258,257,11.787181597512639
2020-09-14,geo_6,12452,1140,35,258,257,16.836506179986355
2020-09-14,geo_7,8576,812,26,258,257,16.43572927878987
2020-09-14,geo_8,2290,199,14,258,257,14.236252269771654
2020-09-14,geo_9,7242,516,15,258,257,11.91720833072803
2020-09-15,geo_0,7067,0,0,259,258,0.0
2020-09-15,geo_1,4706,267,11,259,258,7.999127726245902
2020-09-15,geo_2,7921,677,37,259,258,17.427404477795935
2020-09-15,geo_3,12613,948,62,259,258,13.22903862268123
2020-09-15,geo_4,3635,366,22,259,258,17.04646473563813
2020-09-15,geo_5,3511,243,6,259,258,11.544786468399504
2020-09-15,geo_6,12821,1067,67,259,258,15.783930323815037
2020-09-15,geo_7,8267,728,55,259,258,17.314412749959995
2020-09-15,geo_8,3068,241,15,259,258,15.107883124650341
2020-09-15,geo_9,7634,601,40,259,258,11.484459721074636
2020-09-16,geo_0,9003,0,0,260,259,0.0
2020-09-16,geo_1,6421,330,19,260,259,8.128758185591753
2020-09-16,geo_2,9651,880,46,260,259,17.029700292127348
2020-09-16,geo_3,14396,1053,54,260,259,12.434685030766992
2020-09-16,geo_4,6058,534,27,260,259,17.023034195793507
2020-09-16,geo_5,5408,386,21,260,259,11.465995029134959
2020-09-16,geo_6,15196,1353,77,260,259,15.672968882949727
2020-09-16,geo_7,10313,918,49,260,259,17.50834193830202
2020-09-16,geo_8,4356,374,27,260,259,15.904199071287337
2020-09-16,geo_9,9933,709,44,260,259,11.415299045259639
2020-09-17,geo_0,11202,0,0,261,260,0.0
2020-09-17,geo_1,7950,430,33,261,260,8.581194170052655
2020-09-17,geo_2,12265,1129,89,261,260,17.39647473777875
2020-09-17,geo_3,16249,1148,74,261,260,12.217964904877958
2020-09-17,geo_4,8296,759,49,261,260,17.160138178874348
2020-09-17,geo_5,7573,543,49,261,260,11.828680375341245
2020-09-17,geo_6,17097,1451,119,261,260,15.199335705692887
2020-09-17,geo_7,13271,1251,110,261,260,18.229921906338888
2020-09-17,geo_8,6535,554,50,261,260,16.70869995474509
2020-09-17,geo_9,12018,849,68,261,260,11.143517646089997
2020-09-18,geo_0,11904,0,0,262,261,0.0
2020-09-18,geo_1,9301,554,10,262,261,8.998346911664662
2020-09-18,geo_2,12372,1152,41,262,261,17.220438867880308
2020-09-18,geo_3,17297,1279,41,262,261,12.556393832612828
2020-09-18,geo_4,8396,749,22,262,261,17.33768758285945
2020-09-18,geo_5,8285,577,31,262,261,11.190642893109052
2020-09-18,geo_6,17560,1521,51,262,261,15.526593230914267
2020-09-18,geo_7,13501,1251,37,262,261,17.776737855713787
2020-09-18,geo_8,6638,630,19,262,261,17.273997513136994
2020-09-18,geo_9,12045,841,31,262,261,10.904581636131653
2020-09-19,geo_0,10981,0,0,263,262,0.0
2020-09-19,geo_1,7686,474,29,263,262,9.78734725151034
2020-09-19,geo_2,11752,1090,47,263,262,17.5723021976089
2020-09-19,geo_3,16150,1127,46,263,262,12.121240850998854
2020-09-19,geo_4,7576,637,26,263,262,16.93299159550814
2020-09-19,geo_5,7341,539,28,263,262,10.993753813716705
2020-09-19,geo_6,15548,1375,52,263,262,15.828558025648768
2020-09-19,geo_7,11767,1142,41,263,262,18.059684487880457
2020-09-19,geo_8,6090,558,24,263,262,16.954967121879957
2020-09-19,geo_9,11014,661,29,263,262,10.424540467712726
2020-09-20,geo_0,8236,0,0,264,263,0.0
2020-09-20,geo_1,5459,337,18,264,263,9.805955486160723
2020-09-20,geo_2,9837,948,44,264,263,18.76131272009216
2020-09-20,geo_3,13604,975,39,264,263,12.250915899443054
2020-09-20,geo_4,5034,461,14,264,263,17.949551292016363
2020-09-20,geo_5,4901,342,16,264,263,10.517995315289136
2020-09-20,geo_6,13529,1149,48,264,263,15.153387366382217
2020-09-20,geo_7,9809,909,35,264,263,17.61017678244553
2020-09-20,geo_8,3574,331,12,264,263,17.658708078518654
2020-09-20,geo_9,8419,548,17,264,263,11.412877837737023
2020-09-21,geo_0,7536,0,0,265,264,0.0
2020-09-21,geo_1,4056,240,14,265,264,9.691714188809883
2020-09-21,geo_2,8156,761,39,265,264,18.293779609172013
2020-09-21,geo_3,12846,853,40,265,264,11.463081589898067
2020-09-21,geo_4,3346,326,15,265,264,18.42468764043722
2020-09-21,geo_5,3891,293,11,265,264,10.745435985335966
2020-09-21,geo_6,12694,1046,62,265,264,15.276683278167338
2020-09-21,geo_7,9064,807,47,265,264,17.02724599390169
2020-09-21,geo_8,2282,234,10,265,264,18.594344430878323
2020-09-21,geo_9,7786,538,27,265,264,11.278033922011211
2020-09-22,geo_0,7833,0,0,266,265,0.0
2020-09-22,geo_1,4617,293,20,266,265,9.086800889461163
2020-09-22,geo_2,8315,796,56,266,265,18.32184995708809
2020-09-22,geo_3,12906,884,55,266,265,11.733186083790457
2020-09-22,geo_4,4442,432,23,266,265,18.71047537200688
2020-09-22,geo_5,3954,287,18,266,265,10.945010399568034
2020-09-22,geo_6,13284,1114,66,266,265,15.648431710906351
2020-09-22,geo_7,8930,754,41,266,265,16.585466483572322
2020-09-22,geo_8,3254,315,16,266,265,18.81499351413724
2020-09-22,geo_9,7783,506,37,266,265,11.458116116541433
2020-09-23,geo_0,10250,0,0,267,266,0.0
2020-09-23,geo_1,6604,369,34,267,266,9.25148521570854
2020-09-23,geo_2,10568,1001,98,267,266,17.814769308856466
2020-09-23,geo_3,14355,1005,86,267,266,11.204950715556905
2020-09-23,geo_4,5823,540,39,267,266,17.731729827019535
2020-09-23,geo_5,6265,430,41,267,266,11.482166223524159
2020-09-23,geo_6,15104,1355,113,267,266,16.192998405408026
2020-09-23,geo_7,11733,1086,76,267,266,17.13692256294854
2020-09-23,geo_8,4570,455,52,267,266,19.096475273296964
2020-09-23,geo_9,9906,672,73,267,266,10.520946149499165
2020-09-24,geo_0,11714,0,0,268,267,0.0
2020-09-24,geo_1,8272,468,27,268,267,9.471164203514734
2020-09-24,geo_2,12204,1167,85,268,267,18.018060634292237
2020-09-24,geo_3,16692,1166,74,268,267,11.230300511031647
2020-09-24,geo_4,8337,776,49,268,267,18.050530826021156
2020-09-24,geo_5,8226,604,35,268,267,11.62233449697031
2020-09-24,geo_6,17261,1516,95,268,267,16.390184377351087
2020-09-24,geo_7,13295,1212,87,268,267,16.9530846125778
2020-09-24,geo_8,6628,648,40,268,267,19.721507399692342
2020-09-24,geo_9,12133,785,46,268,267,10.440950260975924
2020-09-25,geo_0,12976,0,0,269,268,0.0
2020-09-25,geo_1,9561,552,20,269,268,9.225907631764619
2020-09-25,geo_2,13328,1224,46,269,268,17.985177059524016
2020-09-25,geo_3,17282,1234,35,269,268,11.869894147982547
2020-09-25,geo_4,9322,902,30,269,268,18.169505348266323
2020-09-25,geo_5,9063,645,30,269,268,11.669368931952754
2020-09-25,geo_6,17699,1509,44,269,268,15.9085250427867
2020-09-25,geo_7,14389,1362,47,269,268,17.487344790454788
2020-09-25,geo_8,7254,729,20,269,268,19.535310526981924
2020-09-25,geo_9,12153,769,26,269,268,10.532137331877074
2020-09-26,geo_0,11409,0,0,270,269,0.0
2020-09-26,geo_1,8208,515,29,270,269,9.626113060105851
2020-09-26,geo_2,11670,1074,45,270,269,17.318024420236345
2020-09-26,geo_3,15926,1032,52,270,269,11.133405589110604
2020-09-26,geo_4,7037,658,31,270,269,18.28303412398707
2020-09-26,geo_5,7254,463,24,270,269,11.208682649213792
2020-09-26,geo_6,16738,1458,59,270,269,16.3811482998526
2020-09-26,geo_7,12587,1190,52,270,269,17.655626809151
2020-09-26,geo_8,6351,636,39,270,269,19.7633444902639
2020-09-26,geo_9,11438,756,35,270,269,10.325585694857583
2020-09-27,geo_0,8556,0,0,271,270,0.0
2020-09-27,geo_1,5614,366,15,271,270,11.19862099933411
2020-09-27,geo_2,9839,877,32,271,270,17.33113626389898
2020-09-27,geo_3,14772,1016,43,271,270,11.463669331690776
2020-09-27,geo_4,5858,563,31,271,270,18.482808945338032
2020-09-27,geo_5,5095,333,18,271,270,11.229905392113766
2020-09-27,geo_6,14834,1296,50,271,270,16.118943586623413
2020-09-27,geo_7,10808,981,41,271,270,17.265729628493858
2020-09-27,geo_8,4610,428,13,271,270,19.346256934872482
2020-09-27,geo_9,9378,638,19,271,270,10.68044977711535
2020-09-28,geo_0,7693,0,0,272,271,0.0
2020-09-28,geo_1,4574,259,16,272,271,10.065876993368025
2020-09-28,geo_2,8012,804,43,272,271,17.71120188589614
2020-09-28,geo_3,12650,867,58,272,271,11.603561116567755
2020-09-28,geo_4,3877,364,23,272,271,19.312397964192897
2020-09-28,geo_5,4230,277,18,272,271,11.572719134466752
2020-09-28,geo_6,13534,1153,66,272,271,15.53871858318456
2020-09-28,geo_7,9093,786,35,272,271,16.308716696609146
2020-09-28,geo_8,2574,240,12,272,271,19.142405998144685
2020-09-28,geo_9,8470,546,25,272,271,10.525366944654394
2020-09-29,geo_0,8718,0,0,273,272,0.0
2020-09-29,geo_1,5520,370,19,273,272,10.22283710613489
2020-09-29,geo_2,9462,913,56,273,272,18.440715204956167
2020-09-29,geo_3,13502,934,56,273,272,11.105243818567295
2020-09-29,geo_4,5209,533,24,273,272,19.956271048745002
2020-09-29,geo_5,4450,328,26,273,272,12.094454630016259
2020-09-29,geo_6,13584,1155,80,273,272,14.693792979027023
2020-09-29,geo_7,9311,845,49,273,272,17.132889593939037
2020-09-29,geo_8,3297,335,13,273,272,19.349997148784972
2020-09-29,geo_9,8251,533,30,273,272,10.883887344914513
2020-09-30,geo_0,10570,0,0,274,273,0.0
2020-09-30,geo_1,7605,487,42,274,273,11.026649190378045
2020-09-30,geo_2,11112,1067,66,274,273,18.015288928354334
2020-09-30,geo_3,15037,1020,60,274,273,11.69026234737323
2020-09-30,geo_4,7184,738,55,274,273,20.53260408417233
2020-09-30,geo_5,6940,495,26,274,273,11.773400240661458
2020-09-30,geo_6,15501,1362,95,274,273,15.85454725879215
2020-09-30,geo_7,11955,1099,51,274,273,17.416354416939573
2020-09-30,geo_8,5331,501,33,274,273,19.842582508913114
2020-09-30,geo_9,10399,652,33,274,273,10.287650837681667
2020-10-01,geo_0,12759,0,0,275,274,0.0
2020-10-01,geo_1,9143,636,30,275,274,10.585150398978339
2020-10-01,geo_2,12956,1215,70,275,274,18.699859359747094
2020-10-01,geo_3,17667,1130,66,275,274,11.366517017720112
2020-10-01,geo_4,8881,869,47,275,274,20.393725680898026
2020-10-01,geo_5,8517,638,33,275,274,12.338393288765069
2020-10-01,geo_6,17161,1550,82,275,274,16.54206172874019
2020-10-01,geo_7,13261,1215,62,275,274,16.95304574663323
2020-10-01,geo_8,7820,807,40,275,274,20.55803356833007
2020-10-01,geo_9,12636,842,32,275,274,10.982087440592448
2020-10-02,geo_0,12332,0,0,276,275,0.0
2020-10-02,geo_1,10185,670,31,276,275,11.559641581225137
2020-10-02,geo_2,13789,1348,75,276,275,18.147980088551822
2020-10-02,geo_3,18028,1289,69,276,275,11.232232463946259
2020-10-02,geo_4,9428,975,55,276,275,20.808226492517157
2020-10-02,geo_5,9659,662,36,276,275,12.086609674717929
2020-10-02,geo_6,18065,1612,91,276,275,16.85217310013561
2020-10-02,geo_7,14270,1369,88,276,275,17.250344866945657
2020-10-02,geo_8,8480,899,56,276,275,20.639084606508415
2020-10-02,geo_9,13286,972,43,276,275,11.574651746467019
2020-10-03,geo_0,11687,0,0,277,276,0.0
2020-10-03,geo_1,8676,595,24,277,276,11.8547625587317
2020-10-03,geo_2,12035,1122,48,277,276,18.901981634270744
2020-10-03,geo_3,16443,1171,74,277,276,11.80993043756543
2020-10-03,geo_4,8226,831,31,277,276,21.38041368597308
2020-10-03,geo_5,7819,551,28,277,276,11.691198451075486
2020-10-03,geo_6,16613,1453,65,277,276,17.297026737639538
2020-10-03,geo_7,13414,1266,60,277,276,16.992077668017966
2020-10-03,geo_8,7455,769,36,277,276,20.17713451561752
2020-10-03,geo_9,12138,844,35,277,276,11.719374243994373
2020-10-04,geo_0,10088,0,0,278,277,0.0
2020-10-04,geo_1,6296,453,12,278,277,12.433399256585117
2020-10-04,geo_2,10913,1082,45,278,277,19.494023750047372
2020-10-04,geo_3,14369,980,45,278,277,11.045016211438416
2020-10-04,geo_4,6536,648,18,278,277,21.149414547507646
2020-10-04,geo_5,6642,441,15,278,277,11.144457276509005
2020-10-04,geo_6,15066,1353,58,278,277,17.25221574526925
2020-10-04,geo_7,11509,1016,40,278,277,17.404661281698814
2020-10-04,geo_8,4903,469,24,278,277,20.23871210911773
2020-10-04,geo_9,9703,660,15,278,277,11.609074861130154
2020-10-05,geo_0,8246,0,0,279,278,0.0
2020-10-05,geo_1,5364,374,12,279,278,11.468069470219781
2020-10-05,geo_2,8659,863,27,279,278,20.30103479898981
2020-10-05,geo_3,13444,931,32,279,278,10.963105088478997
2020-10-05,geo_4,5340,567,13,279,278,21.29727952106669
2020-10-05,geo_5,4391,319,9,279,278,11.067695116952414
2020-10-05,geo_6,14209,1374,43,279,278,18.213999730228377
2020-10-05,geo_7,10173,888,22,279,278,16.977973082235966
2020-10-05,geo_8,4084,462,12,279,278,20.43106042892364
2020-10-05,geo_9,9131,615,23,279,278,12.061171147247618
2020-10-06,geo_0,9265,0,0,280,279,0.0
2020-10-06,geo_1,6370,441,29,280,279,11.198783182525965
2020-10-06,geo_2,9878,994,59,280,279,20.41911275372769
2020-10-06,geo_3,13699,925,59,280,279,10.71362929538381
2020-10-06,geo_4,5439,553,49,280,279,21.07996369582271
2020-10-06,geo_5,5660,353,32,280,279,11.083243877052373
2020-10-06,geo_6,14157,1365,84,280,279,18.732756065343967
2020-10-06,geo_7,10560,988,65,280,279,16.99901166604281
2020-10-06,geo_8,4386,439,34,280,279,21.160305873909024
2020-10-06,geo_9,8856,597,38,280,279,11.754257561052444
2020-10-07,geo_0,10972,0,0,281,280,0.0
2020-10-07,geo_1,8220,561,33,281,280,12.355975427452893
2020-10-07,geo_2,11489,1122,54,281,280,20.2856841422969
2020-10-07,geo_3,15841,1075,70,281,280,10.255442991822191
2020-10-07,geo_4,6952,676,38,281,280,20.40277031263097
2020-10-07,geo_5,7392,488,26,281,280,11.81462922347418
2020-10-07,geo_6,16858,1645,93,281,280,18.759484371083417
2020-10-07,geo_7,12144,1122,52,281,280,17.06794155538726
2020-10-07,geo_8,6480,673,21,281,280,21.274083010916748
2020-10-07,geo_9,10966,825,42,281,280,12.456073984566002
2020-10-08,geo_0,12838,0,0,282,281,0.0
2020-10-08,geo_1,10263,835,83,282,281,13.725171301345648
2020-10-08,geo_2,14261,1413,124,282,281,20.551289174797425
2020-10-08,geo_3,17784,1148,103,282,281,10.98680727621241
2020-10-08,geo_4,9365,969,74,282,281,21.002370253163726
2020-10-08,geo_5,8980,666,56,282,281,11.993385607265452
2020-10-08,geo_6,18642,1687,148,282,281,18.666583441675993
2020-10-08,geo_7,14403,1350,123,282,281,17.432886372991415
2020-10-08,geo_8,7915,782,59,282,281,21.72564939771629
2020-10-08,geo_9,13134,935,67,282,281,12.368296899419827
2020-10-09,geo_0,13569,0,0,283,282,0.0
2020-10-09,geo_1,10895,932,36,283,282,14.543385105149989
2020-10-09,geo_2,14896,1620,66,283,282,21.787953336447142
2020-10-09,geo_3,18449,1301,44,283,282,11.617455456540355
2020-10-09,geo_4,10484,1134,46,283,282,22.133669618111618
2020-10-09,geo_5,9857,671,23,283,282,11.878618056242312
2020-10-09,geo_6,19113,1881,76,283,282,19.221102431803086
2020-10-09,geo_7,15450,1416,56,283,282,18.304078080500567
2020-10-09,geo_8,9544,1053,47,283,282,21.476932353450838
2020-10-09,geo_9,14415,1063,57,283,282,12.326980212959526
2020-10-10,geo_0,12483,0,0,284,283,0.0
2020-10-10,geo_1,9195,753,26,284,283,14.258682637427317
2020-10-10,geo_2,13463,1425,65,284,283,21.321835843329065
2020-10-10,geo_3,17547,1287,50,284,283,12.587691235732775
2020-10-10,geo_4,8782,953,39,284,283,22.93470377592799
2020-10-10,geo_5,8643,608,26,284,283,12.29733075683139
2020-10-10,geo_6,17906,1666,69,284,283,19.404607953949508
2020-10-10,geo_7,13562,1295,64,284,283,18.28950831566831
2020-10-10,geo_8,7199,775,30,284,283,21.82008301232689
2020-10-10,geo_9,12932,994,37,284,283,13.321116395204985
2020-10-11,geo_0,9873,0,0,285,284,0.0
2020-10-11,geo_1,7183,588,27,285,284,15.547538855454654
2020-10-11,geo_2,10676,1127,48,285,284,21.07986195794057
2020-10-11,geo_3,14800,1025,38,285,284,12.786667850690343
2020-10-11,geo_4,6400,705,27,285,284,22.953354187184587
2020-10-11,geo_5,6413,423,23,285,284,11.95993976402473
2020-10-11,geo_6,16062,1550,61,285,284,19.537000432094636
2020-10-11,geo_7,11489,1105,41,285,284,18.705418093549277
2020-10-11,geo_8,5916,628,32,285,284,22.286895583996614
2020-10-11,geo_9,10636,851,45,285,284,14.613122093512684
2020-10-12,geo_0,9120,0,0,286,285,0.0
2020-10-12,geo_1,5927,524,23,286,285,16.33030834209166
2020-10-12,geo_2,9996,1097,60,286,285,21.322249030375062
2020-10-12,geo_3,14546,1182,66,286,285,13.83687608277385
2020-10-12,geo_4,5295,587,28,286,285,24.360080847586943
2020-10-12,geo_5,5316,408,24,286,285,12.432984381188243
2020-10-12,geo_6,14836,1447,64,286,285,19.251970036977767
2020-10-12,geo_7,10773,1001,49,286,285,18.640606358209087
2020-10-12,geo_8,4792,549,32,286,285,22.634877031442358
2020-10-12,geo_9,9331,787,42,286,285,15.050491100126639
2020-10-13,geo_0,9893,0,0,287,286,0.0
2020-10-13,geo_1,6647,616,49,287,286,16.770228773247776
2020-10-13,geo_2,10561,1089,62,287,286,21.53721867537309
2020-10-13,geo_3,14627,1121,63,287,286,13.732113321858112
2020-10-13,geo_4,6203,721,45,287,286,24.77027046921253
2020-10-13,geo_5,5595,436,38,287,286,13.570098585337062
2020-10-13,geo_6,14864,1484,99,287,286,19.97539069178926
2020-10-13,geo_7,11379,1072,77,287,286,19.119688907454165
2020-10-13,geo_8,4551,507,31,287,286,23.358788283230083
2020-10-13,geo_9,9374,783,56,287,286,15.076214066584829
2020-10-14,geo_0,11243,0,0,288,287,0.0
2020-10-14,geo_1,9083,834,64,288,287,16.60807568116822
2020-10-14,geo_2,12604,1344,95,288,287,21.68798555336204
2020-10-14,geo_3,16621,1317,102,288,287,13.736396830334156
2020-10-14,geo_4,8633,1041,78,288,287,25.58594436194849
2020-10-14,geo_5,8529,636,43,288,287,13.543973433635443
2020-10-14,geo_6,16895,1703,131,288,287,19.789437278793585
2020-10-14,geo_7,13163,1314,90,288,287,20.304643389883374
2020-10-14,geo_8,7273,845,64,288,287,23.344139985458614
2020-10-14,geo_9,12225,1078,83,288,287,15.366164247553607
2020-10-15,geo_0,13402,0,0,289,288,0.0
2020-10-15,geo_1,10894,926,58,289,288,16.253185400180197
2020-10-15,geo_2,14454,1570,90,289,288,22.520867992403915
2020-10-15,geo_3,18717,1560,97,289,288,14.271988385372161
2020-10-15,geo_4,10286,1206,65,289,288,26.578388063215506
2020-10-15,geo_5,9676,752,54,289,288,13.417614195364209
2020-10-15,geo_6,18767,1846,128,289,288,20.056154179143192
2020-10-15,geo_7,15484,1567,112,289,288,20.539719598598207
2020-10-15,geo_8,8473,915,45,289,288,23.68883469190257
2020-10-15,geo_9,13917,1123,76,289,288,14.853771372374576
2020-10-16,geo_0,14556,0,0,290,289,0.0
2020-10-16,geo_1,10924,950,45,290,289,15.75492729860286
2020-10-16,geo_2,15526,1648,80,290,289,22.9167051323789
2020-10-16,geo_3,19199,1429,61,290,289,13.426238855585499
2020-10-16,geo_4,10479,1263,73,290,289,25.867362462567225
2020-10-16,geo_5,10572,858,31,290,289,14.041656405341318
2020-10-16,geo_6,19610,1950,90,290,289,20.00143282044283
2020-10-16,geo_7,15265,1602,82,290,289,20.262720275761033
2020-10-16,geo_8,9954,1078,55,290,289,24.538520519322546
2020-10-16,geo_9,15173,1238,68,290,289,15.234026923086468
2020-10-17,geo_0,12813,0,0,291,290,0.0
2020-10-17,geo_1,10179,909,37,291,290,15.888100478235282
2020-10-17,geo_2,14055,1581,61,291,290,24.474520363671527
2020-10-17,geo_3,18689,1468,53,291,290,13.34389943774396
2020-10-17,geo_4,9504,1144,38,291,290,26.955697149926735
2020-10-17,geo_5,9274,785,24,291,290,14.227060333447591
2020-10-17,geo_6,18221,1799,64,291,290,19.394218726306136
2020-10-17,geo_7,14746,1504,72,291,290,20.72240673709295
2020-10-17,geo_8,8707,924,52,291,290,24.911480812653856
2020-10-17,geo_9,12997,1099,38,291,290,14.926137839686826
2020-10-18,geo_0,10683,0,0,292,291,0.0
2020-10-18,geo_1,8427,755,35,292,291,16.09317126552064
2020-10-18,geo_2,12253,1370,62,292,291,24.868529428581905
2020-10-18,geo_3,16637,1162,49,292,291,12.329629554028458
2020-10-18,geo_4,7795,920,42,292,291,27.699469103291484
2020-10-18,geo_5,7262,561,15,292,291,14.197022609304199
2020-10-18,geo_6,16472,1618,78,292,291,18.94953097576406
2020-10-18,geo_7,12644,1294,58,292,291,21.412337733282737
2020-10-18,geo_8,5927,661,26,292,291,25.116372507334127
2020-10-18,geo_9,11446,994,43,292,291,15.753125632924203
2020-10-19,geo_0,10073,0,0,293,292,0.0
2020-10-19,geo_1,6488,546,15,293,292,16.31076650555427
2020-10-19,geo_2,10856,1213,53,293,292,25.012239856964666
2020-10-19,geo_3,15040,1094,43,293,292,12.792996202084902
2020-10-19,geo_4,6812,825,37,293,292,27.710846689565656
2020-10-19,geo_5,5842,451,19,293,292,13.988879566424046
2020-10-19,geo_6,15259,1536,61,293,292,19.476620571853307
2020-10-19,geo_7,11324,1213,54,293,292,21.56043290319106
2020-10-19,geo_8,4840,539,26,293,292,25.350786813747643
2020-10-19,geo_9,10314,961,38,293,292,16.51765971148967
2020-10-20,geo_0,10554,0,0,294,293,0.0
2020-10-20,geo_1,6970,635,33,294,293,16.53737899927563
2020-10-20,geo_2,11373,1292,86,294,293,24.93323940450427
2020-10-20,geo_3,15455,1144,81,294,293,13.231131923473704
2020-10-20,geo_4,6688,833,52,294,293,28.10464618887519
2020-10-20,geo_5,7285,590,49,294,293,14.658152711224961
2020-10-20,geo_6,16223,1560,82,294,293,19.409947099305292
2020-10-20,geo_7,11822,1222,82,294,293,21.552613308737975
2020-10-20,geo_8,5779,707,49,294,293,25.965226578191704
2020-10-20,geo_9,10471,971,61,294,293,16.864358489155393
2020-10-21,geo_0,13068,0,0,295,294,0.0
2020-10-21,geo_1,9747,907,71,295,294,17.410307631988662
2020-10-21,geo_2,13532,1553,95,295,294,24.305398879115792
2020-10-21,geo_3,17869,1435,128,295,294,13.846605437483465
2020-10-21,geo_4,8818,1082,67,295,294,27.691481248788115
2020-10-21,geo_5,9079,754,62,295,294,15.820488083407088
2020-10-21,geo_6,17527,1737,123,295,294,18.86110388252605
2020-10-21,geo_7,13688,1411,100,295,294,22.35038865208908
2020-10-21,geo_8,7577,876,65,295,294,26.143334692246455
2020-10-21,geo_9,13012,1157,96,295,294,16.90220934687801
2020-10-22,geo_0,15052,0,0,296,295,0.0
2020-10-22,geo_1,11731,1143,95,296,295,17.946281568506333
2020-10-22,geo_2,15520,1726,138,296,295,24.074958491445674
2020-10-22,geo_3,19889,1511,114,296,295,13.662421114819722
2020-10-22,geo_4,11424,1339,102,296,295,28.23609657065207
2020-10-22,geo_5,10792,955,83,296,295,15.186629531978188
2020-10-22,geo_6,19675,1885,143,296,295,18.792824597803712
2020-10-22,geo_7,15639,1699,134,296,295,24.09275770070982
2020-10-22,geo_8,10057,1120,84,296,295,25.878624441486
2020-10-22,geo_9,15092,1413,80,296,295,17.697637595948844
2020-10-23,geo_0,15148,0,0,297,296,0.0
2020-10-23,geo_1,11566,1105,61,297,296,18.42101944318925
2020-10-23,geo_2,16100,1850,109,297,296,24.624089246893476
2020-10-23,geo_3,19716,1648,88,297,296,14.450803766220702
2020-10-23,geo_4,11959,1440,74,297,296,28.355973898325335
2020-10-23,geo_5,11887,1038,45,297,296,16.401076128555072
2020-10-23,geo_6,20406,1868,121,297,296,18.722186430717418
2020-10-23,geo_7,16288,1799,96,297,296,24.432086757009472
2020-10-23,geo_8,10711,1298,59,297,296,26.22075004113961
2020-10-23,geo_9,15601,1422,77,297,296,17.358373232979073
2020-10-24,geo_0,13994,1,0,298,297,0.0016493723025263309
2020-10-24,geo_1,11162,1058,64,298,297,18.72200585508452
2020-10-24,geo_2,14182,1596,75,298,297,24.629996108777632
2020-10-24,geo_3,18991,1627,89,298,297,15.895184633304531
2020-10-24,geo_4,10609,1282,59,298,297,28.156680648833884
2020-10-24,geo_5,10696,942,50,298,297,17.210806986055758
2020-10-24,geo_6,18956,1831,77,298,297,19.374461061249484
2020-10-24,geo_7,15458,1698,84,298,297,24.647389029897983
2020-10-24,geo_8,9339,1059,52,298,297,26.007646960266953
2020-10-24,geo_9,14287,1293,60,298,297,17.195979727879728
2020-10-25,geo_0,11626,0,0,299,298,0.0
2020-10-25,geo_1,9061,852,37,299,298,18.049205703568198
2020-10-25,geo_2,12254,1365,64,299,298,24.35007035055517
2020-10-25,geo_3,16741,1408,76,299,298,15.377703420743082
2020-10-25,geo_4,8036,973,50,299,298,29.049477717467983
2020-10-25,geo_5,8752,818,36,299,298,17.739897785391157
2020-10-25,geo_6,17435,1766,96,299,298,19.991330904453076
2020-10-25,geo_7,13578,1555,86,299,298,25.163877724815514
2020-10-25,geo_8,6971,810,32,299,298,26.310473571492565
2020-10-25,geo_9,12120,1209,65,299,298,18.147893788836882
2020-10-26,geo_0,10838,0,0,300,299,0.0
2020-10-26,geo_1,7730,723,47,300,299,18.3222821373688
2020-10-26,geo_2,11775,1343,78,300,299,24.945075240752146
2020-10-26,geo_3,15127,1253,63,300,299,14.94052145723935
2020-10-26,geo_4,7170,885,61,300,299,30.8173031644568
2020-10-26,geo_5,6552,617,31,300,299,17.9737117017396
2020-10-26,geo_6,16156,1679,89,300,299,20.2858738428912
2020-10-26,geo_7,11830,1347,70,300,299,26.014057584236767
2020-10-26,geo_8,5834,671,29,300,299,26.986966241709325
2020-10-26,geo_9,10852,1054,62,300,299,18.388175563330567
2020-10-27,geo_0,11416,19,1,301,300,0.1987276994071533
2020-10-27,geo_1,7821,810,65,301,300,21.347345856699715
2020-10-27,geo_2,12031,1464,129,301,300,29.865383193677374
2020-10-27,geo_3,16255,1589,130,301,300,18.50645560195768
2020-10-27,geo_4,7211,977,87,301,300,37.50994375140551
2020-10-27,geo_5,7900,856,72,301,300,22.563997785874765
2020-10-27,geo_6,16629,1884,143,301,300,24.538402033845152
2020-10-27,geo_7,12870,1640,106,301,300,30.649987288518187
2020-10-27,geo_8,6571,802,73,301,300,33.280624198592065
2020-10-27,geo_9,11337,1225,83,301,300,23.192358029951585
2020-10-28,geo_0,12846,89,6,302,301,1.0016543826267208
2020-10-28,geo_1,10072,1032,61,302,301,21.51147468850998
2020-10-28,geo_2,14435,1869,119,302,301,30.75639360739928
2020-10-28,geo_3,18369,1858,126,302,301,20.83050504634524
2020-10-28,geo_4,9799,1414,66,302,301,37.84109276924598
2020-10-28,geo_5,9876,1019,65,302,301,22.039013442727917
2020-10-28,geo_6,18294,1992,126,302,301,24.453484045523073
2020-10-28,geo_7,14649,1835,121,302,301,31.289968444442714
2020-10-28,geo_8,8672,1180,86,302,301,32.57918328958255
2020-10-28,geo_9,12989,1415,113,302,301,23.558100866105356
2020-10-29,geo_0,15026,193,15,303,302,1.492854052181549
2020-10-29,geo_1,11966,1274,119,303,302,22.69388072396165
2020-10-29,geo_2,16200,2107,180,303,302,31.805905559406057
2020-10-29,geo_3,20895,2182,188,303,302,21.61496668583899
2020-10-29,geo_4,11275,1587,137,303,302,36.80456788482257
2020-10-29,geo_5,11766,1237,95,303,302,22.852727884305917
2020-10-29,geo_6,20227,2295,168,303,302,25.142652167716005
2020-10-29,geo_7,17029,2193,219,303,302,31.70724570350826
2020-10-29,geo_8,10130,1322,105,303,302,31.801518876068265
2020-10-29,geo_9,15192,1602,145,303,302,23.35515480122997
2020-10-30,geo_0,16258,151,7,304,303,1.0545913554098205
2020-10-30,geo_1,13107,1347,75,304,303,21.74504932231893
2020-10-30,geo_2,16645,2252,133,304,303,32.06638302974455
2020-10-30,geo_3,20867,2262,114,304,303,21.40080542716899
2020-10-30,geo_4,12210,1725,105,304,303,38.63967553650418
2020-10-30,geo_5,12065,1350,62,304,303,23.01138906683722
2020-10-30,geo_6,20882,2449,129,304,303,26.183584739102503
2020-10-30,geo_7,17190,2193,116,304,303,31.028327044279006
2020-10-30,geo_8,11020,1457,87,304,303,31.742778490600124
2020-10-30,geo_9,16281,1803,104,304,303,23.675244558057564
2020-10-31,geo_0,15061,97,6,305,304,0.7701843775969462
2020-10-31,geo_1,12093,1281,57,305,304,21.750565516933783
2020-10-31,geo_2,15442,1996,83,305,304,32.19649144058308
2020-10-31,geo_3,19452,2036,84,305,304,21.523633195558308
2020-10-31,geo_4,10744,1575,77,305,304,40.01133520875847
2020-10-31,geo_5,11638,1241,52,305,304,23.496913408983694
2020-10-31,geo_6,19711,2277,101,305,304,26.734611536198404
2020-10-31,geo_7,15600,2007,80,305,304,31.613311443195876
2020-10-31,geo_8,10090,1267,57,305,304,32.368335047713835
2020-10-31,geo_9,14997,1649,82,305,304,23.886117208311042
2020-11-01,geo_0,12715,95,3,306,305,0.8367032814080597
2020-11-01,geo_1,9339,966,39,306,305,22.107982706131082
2020-11-01,geo_2,12948,1697,65,306,305,33.149931805336244
2020-11-01,geo_3,18004,1896,80,306,305,22.46101433707265
2020-11-01,geo_4,8822,1243,47,306,305,40.12417704608958
2020-11-01,geo_5,9327,1012,32,306,305,24.214700590735692
2020-11-01,geo_6,18083,2128,102,306,305,26.879646004227112
2020-11-01,geo_7,14087,1782,75,306,305,31.8933025256057
2020-11-01,geo_8,7871,981,33,306,305,32.340697687345816
2020-11-01,geo_9,12701,1391,64,306,305,24.036215604487438
2020-11-02,geo_0,11617,162,5,307,306,1.8987822272061747
2020-11-02,geo_1,8531,873,53,307,306,22.419087796087158
2020-11-02,geo_2,12543,1625,94,307,306,33.48877093616002
2020-11-02,geo_3,16089,1674,89,307,306,21.852618684387505
2020-11-02,geo_4,7441,1103,61,307,306,40.194038077838094
2020-11-02,geo_5,8252,935,44,307,306,24.325319066749223
2020-11-02,geo_6,17152,2086,113,307,306,26.64224100804604
2020-11-02,geo_7,13264,1625,87,307,306,32.16428013269443
2020-11-02,geo_8,6200,806,41,307,306,32.337995368933974
2020-11-02,geo_9,11733,1280,72,307,306,24.341612001466018
2020-11-03,geo_0,12402,171,28,308,307,1.8559317052810655
2020-11-03,geo_1,9012,865,72,308,307,18.416210318601625
2020-11-03,geo_2,12678,1576,133,308,307,27.921141509246628
2020-11-03,geo_3,16502,1586,117,308,307,18.46426027129344
2020-11-03,geo_4,8496,1124,113,308,307,34.29849305929131
2020-11-03,geo_5,8200,853,77,308,307,20.61077045556275
2020-11-03,geo_6,17596,1914,178,308,307,22.08607833598525
2020-11-03,geo_7,13611,1719,162,308,307,27.216507875659374
2020-11-03,geo_8,6948,810,76,308,307,28.01291885495183
2020-11-03,geo_9,12556,1302,111,308,307,20.95598919258801
2020-11-04,geo_0,13504,245,20,309,308,2.3408885473820504
2020-11-04,geo_1,11089,1081,89,309,308,18.98886219815629
2020-11-04,geo_2,15466,1907,172,309,308,28.852631195858905
2020-11-04,geo_3,18714,1826,168,309,308,19.2154459189413
2020-11-04,geo_4,9773,1323,103,309,308,34.79152890837802
2020-11-04,geo_5,10312,1037,96,309,308,21.354747258306475
2020-11-04,geo_6,18959,1989,177,309,308,21.7587449510186
2020-11-04,geo_7,15637,1803,157,309,308,26.67714134545434
2020-11-04,geo_8,9453,1143,107,309,308,28.300631055025203
2020-11-04,geo_9,14325,1459,112,309,308,21.201619970070823
2020-11-05,geo_0,16011,318,20,310,309,2.2783352863347264
2020-11-05,geo_1,13009,1301,89,310,309,19.609864855278307
2020-11-05,geo_2,17115,2169,143,310,309,28.130917550138374
2020-11-05,geo_3,20425,1990,157,310,309,19.15962174604655
2020-11-05,geo_4,12417,1703,111,310,309,34.756928031319276
2020-11-05,geo_5,12592,1318,93,310,309,20.744473295265568
2020-11-05,geo_6,21742,2307,173,310,309,22.717791304950413
2020-11-05,geo_7,17226,1999,150,310,309,26.207510138540385
2020-11-05,geo_8,11512,1409,96,310,309,28.213849318857253
2020-11-05,geo_9,16063,1660,129,310,309,21.86510763879694
2020-11-06,geo_0,16266,340,20,311,310,2.808849626104399
2020-11-06,geo_1,14058,1374,69,311,310,19.261955821872686
2020-11-06,geo_2,17480,2051,109,311,310,28.67996731868363
2020-11-06,geo_3,21339,2163,125,311,310,19.51414613828103
2020-11-06,geo_4,12881,1748,100,311,310,36.129426519493045
2020-11-06,geo_5,12716,1281,69,311,310,21.152424244235206
2020-11-06,geo_6,21942,2414,144,311,310,22.856920357959893
2020-11-06,geo_7,17925,2031,82,311,310,25.987313311711173
2020-11-06,geo_8,11478,1448,86,311,310,28.047224196486674
2020-11-06,geo_9,17036,1753,101,311,310,21.659809907330356
2020-11-07,geo_0,15555,427,16,312,311,3.699867842560522
2020-11-07,geo_1,12371,1181,43,312,311,19.475109039684106
2020-11-07,geo_2,16558,2087,92,312,311,29.168370129726
2020-11-07,geo_3,19615,2026,101,312,311,20.478858364805028
2020-11-07,geo_4,12299,1621,81,312,311,35.154167027472646
2020-11-07,geo_5,12086,1254,61,312,311,21.995833739156495
2020-11-07,geo_6,21047,2360,116,312,311,23.09232390247493
2020-11-07,geo_7,16963,1996,86,312,311,26.410863306992997
2020-11-07,geo_8,10983,1258,45,312,311,27.83651573867651
2020-11-07,geo_9,15875,1642,87,312,311,21.48781073820832
2020-11-08,geo_0,13038,450,22,313,312,4.147629597276458
2020-11-08,geo_1,10350,1130,53,313,312,20.86945968265161
2020-11-08,geo_2,14296,1769,104,313,312,29.873672817315082
2020-11-08,geo_3,18697,1972,112,313,312,21.31705627927208
2020-11-08,geo_4,9905,1305,69,313,312,35.26002448246017
2020-11-08,geo_5,9195,945,55,313,312,21.897589750122513
2020-11-08,geo_6,18677,1958,96,313,312,22.90747333315134
2020-11-08,geo_7,15095,1776,100,313,312,26.370616480255705
2020-11-08,geo_8,8585,997,53,313,312,27.011508156176905
2020-11-08,geo_9,13720,1419,74,313,312,21.328783120432806
2020-11-09,geo_0,12102,326,25,314,313,4.068560394566268
2020-11-09,geo_1,8821,913,58,314,313,20.981615028004093
2020-11-09,geo_2,13327,1728,107,314,313,30.140959097441783
2020-11-09,geo_3,17558,1900,113,314,313,21.701463713366127
2020-11-09,geo_4,8720,1179,85,314,313,35.45220470124424
2020-11-09,geo_5,8194,899,64,314,313,21.806511144733616
2020-11-09,geo_6,17794,1823,120,314,313,22.129090197033122
2020-11-09,geo_7,13263,1618,107,314,313,26.284614728039408
2020-11-09,geo_8,7627,857,52,314,313,26.724456492973804
2020-11-09,geo_9,12416,1295,82,314,313,21.763016090497132
2020-11-10,geo_0,12845,425,27,315,314,4.721984384145947
2020-11-10,geo_1,9622,1010,85,315,314,21.64842263966502
2020-11-10,geo_2,13896,1708,126,315,314,30.718516090717532
2020-11-10,geo_3,17395,1836,160,315,314,21.83553175512579
2020-11-10,geo_4,9433,1301,114,315,314,35.38855968532541
2020-11-10,geo_5,8910,912,75,315,314,21.63029256711685
2020-11-10,geo_6,18024,1929,150,315,314,21.57628451266821
2020-11-10,geo_7,13870,1676,138,315,314,26.97986073776033
2020-11-10,geo_8,7818,930,81,315,314,26.833969921312033
2020-11-10,geo_9,12986,1332,104,315,314,21.338717388407794
2020-11-11,geo_0,14273,444,41,316,315,4.505102110119208
2020-11-11,geo_1,11653,1231,98,316,315,21.410056410205044
2020-11-11,geo_2,16128,2027,158,316,315,30.93668842941088
2020-11-11,geo_3,19440,2108,141,316,315,22.56765478022594
2020-11-11,geo_4,11259,1522,114,316,315,35.40949839972055
2020-11-11,geo_5,11145,1116,75,316,315,20.698959330921696
2020-11-11,geo_6,20188,2187,174,316,315,21.680194936837093
2020-11-11,geo_7,15827,1931,155,316,315,27.098659517925245
2020-11-11,geo_8,9642,1050,72,316,315,26.915985114887754
2020-11-11,geo_9,14855,1532,117,316,315,21.22144026419359
2020-11-12,geo_0,16401,560,42,317,316,4.807684313087179
2020-11-12,geo_1,13539,1501,125,317,316,21.63576254423566
2020-11-12,geo_2,17667,2331,164,317,316,31.11842883896477
2020-11-12,geo_3,21897,2411,197,317,316,22.969838011529607
2020-11-12,geo_4,13455,1852,142,317,316,35.3870329366663
2020-11-12,geo_5,13409,1417,98,317,316,20.64811747618721
2020-11-12,geo_6,21834,2340,148,317,316,22.5662292045067
2020-11-12,geo_7,17791,2144,161,317,316,27.57272542255279
2020-11-12,geo_8,11897,1366,96,317,316,27.521456748800933
2020-11-12,geo_9,16942,1726,122,317,316,22.02844411790642
2020-11-13,geo_0,17010,640,42,318,317,5.261940415759003
2020-11-13,geo_1,13988,1510,85,318,317,22.290030132012276
2020-11-13,geo_2,17992,2276,132,318,317,30.520329278259602
2020-11-13,geo_3,22231,2400,148,318,317,23.26517224649827
2020-11-13,geo_4,14033,1931,102,318,317,35.48556478184643
2020-11-13,geo_5,13969,1441,97,318,317,21.676850628900297
2020-11-13,geo_6,22530,2395,163,318,317,23.22341787755503
2020-11-13,geo_7,18963,2284,125,318,317,27.449305386285648
2020-11-13,geo_8,12994,1543,117,318,317,27.897298575910412
2020-11-13,geo_9,17522,1737,114,318,317,22.303656512955005
2020-11-14,geo_0,16175,617,30,319,318,5.677739617547662
2020-11-14,geo_1,12957,1285,65,319,318,21.968048395341516
2020-11-14,geo_2,16972,2138,88,319,318,30.889255999422517
2020-11-14,geo_3,21589,2360,125,319,318,23.341676000829633
2020-11-14,geo_4,12158,1587,78,319,318,35.81404951403777
2020-11-14,geo_5,12308,1286,80,319,318,21.501917927246655
2020-11-14,geo_6,21678,2362,117,319,318,23.12157282407891
2020-11-14,geo_7,17565,2119,105,319,318,28.225371243207633
2020-11-14,geo_8,11110,1318,65,319,318,27.558344503209284
2020-11-14,geo_9,16631,1734,88,319,318,22.0034992981747
2020-11-15,geo_0,14273,563,28,320,319,5.837866131533403
2020-11-15,geo_1,11249,1203,58,320,319,21.76684355669104
2020-11-15,geo_2,15382,1953,90,320,319,30.632939725137064
2020-11-15,geo_3,19505,2202,91,320,319,23.582049050989284
2020-11-15,geo_4,10429,1397,60,320,319,35.246079873623934
2020-11-15,geo_5,10486,1106,51,320,319,21.182500128129043
2020-11-15,geo_6,19242,2203,105,320,319,24.33656124104458
2020-11-15,geo_7,15548,1891,76,320,319,28.641529913150393
2020-11-15,geo_8,9003,1092,58,320,319,27.369192309534636
2020-11-15,geo_9,14407,1535,77,320,319,22.39860923481253
2020-11-16,geo_0,12536,552,37,321,320,6.3046724472172
2020-11-16,geo_1,9192,996,47,321,320,22.44603262184591
2020-11-16,geo_2,13100,1683,93,321,320,30.752779492538544
2020-11-16,geo_3,17380,1971,134,321,320,24.255328263626748
2020-11-16,geo_4,9491,1228,64,321,320,34.40866404921453
2020-11-16,geo_5,9347,907,51,321,320,20.836153530771583
2020-11-16,geo_6,18330,2056,119,321,320,24.60363128790413
2020-11-16,geo_7,14040,1731,106,321,320,28.989984229047213
2020-11-16,geo_8,7606,894,54,321,320,27.094681275623966
2020-11-16,geo_9,12449,1327,71,321,320,22.71154428954209
2020-11-17,geo_0,13151,561,46,322,321,6.173063727751381
2020-11-17,geo_1,10540,1160,101,322,321,22.486723168413608
2020-11-17,geo_2,13616,1686,130,322,321,31.44575022738136
2020-11-17,geo_3,18312,2028,166,322,321,24.89196851009887
2020-11-17,geo_4,9440,1222,105,322,321,34.089132257015834
2020-11-17,geo_5,9651,989,95,322,321,20.486526200632017
2020-11-17,geo_6,19041,2134,185,322,321,24.58031846625035
2020-11-17,geo_7,14848,1919,160,322,321,29.157411284757174
2020-11-17,geo_8,8336,989,94,322,321,26.944309677263675
2020-11-17,geo_9,13221,1461,123,322,321,23.412259600141343
2020-11-18,geo_0,15408,716,74,323,322,6.524192905236283
2020-11-18,geo_1,11802,1264,105,323,322,22.866076880175985
2020-11-18,geo_2,15791,1987,179,323,322,30.990183152134485
2020-11-18,geo_3,21011,2429,208,323,322,25.654878537898952
2020-11-18,geo_4,11782,1494,160,323,322,32.85519002061644
2020-11-18,geo_5,11682,1097,105,323,322,21.079696130196282
2020-11-18,geo_6,20861,2370,223,323,322,25.226839748687624
2020-11-18,geo_7,16673,1998,203,323,322,29.11912594958234
2020-11-18,geo_8,10550,1288,112,323,322,27.756492948381545
2020-11-18,geo_9,15865,1810,171,323,322,23.558226445259756
2020-11-19,geo_0,17849,778,66,324,323,6.7299245273351405
2020-11-19,geo_1,14058,1526,146,324,323,23.209252417554296
2020-11-19,geo_2,18030,2371,190,324,323,32.758250051575786
2020-11-19,geo_3,22532,2668,250,324,323,26.503411567738283
2020-11-19,geo_4,14311,1907,170,324,323,33.37900056200781
2020-11-19,geo_5,13917,1398,124,324,323,20.796538856373562
2020-11-19,geo_6,22832,2716,246,324,323,25.47504982464646
2020-11-19,geo_7,18144,2298,212,324,323,28.88755276328076
2020-11-19,geo_8,12834,1537,158,324,323,28.340386110615114
2020-11-19,geo_9,17257,1994,190,324,323,23.803055730214528
2020-11-20,geo_0,17930,804,55,325,324,6.339225770733947
2020-11-20,geo_1,14411,1598,102,325,324,23.420290861567725
2020-11-20,geo_2,19084,2493,175,325,324,32.50536261034498
2020-11-20,geo_3,22610,2668,174,325,324,26.75235159672662
2020-11-20,geo_4,14148,1939,124,325,324,33.11977466647522
2020-11-20,geo_5,14781,1483,105,325,324,20.98059546366558
2020-11-20,geo_6,23087,2667,170,325,324,26.023714084295804
2020-11-20,geo_7,19252,2460,152,325,324,29.03305393363785
2020-11-20,geo_8,13001,1534,112,325,324,28.314854429155787
2020-11-20,geo_9,17625,2004,121,325,324,24.076334596146552
2020-11-21,geo_0,17028,821,23,326,325,6.856396403848305
2020-11-21,geo_1,13107,1381,48,326,325,23.03421149832462
2020-11-21,geo_2,17490,2265,78,326,325,32.80452471423177
2020-11-21,geo_3,22133,2584,107,326,325,27.581440393898333
2020-11-21,geo_4,13178,1715,53,326,325,33.5739548708327
2020-11-21,geo_5,13466,1416,65,326,325,21.17682428719374
2020-11-21,geo_6,21784,2547,94,326,325,26.513996942104086
2020-11-21,geo_7,17644,2152,86,326,325,29.428338481634498
2020-11-21,geo_8,12234,1510,61,326,325,28.858613355688654
2020-11-21,geo_9,17074,1850,60,326,325,23.233025417783935
2020-11-22,geo_0,15227,670,57,327,326,6.245241936583864
2020-11-22,geo_1,11690,1292,89,327,326,23.701151646840696
2020-11-22,geo_2,15775,2097,145,327,326,32.217708888235194
2020-11-22,geo_3,19577,2347,175,327,326,27.949491369218567
2020-11-22,geo_4,10785,1522,110,327,326,33.56229793015668
2020-11-22,geo_5,11420,1142,72,327,326,20.843097578721416
2020-11-22,geo_6,19896,2400,171,327,326,26.856197488330032
2020-11-22,geo_7,16050,1967,153,327,326,29.694877682151947
2020-11-22,geo_8,10340,1267,88,327,326,30.077766231647217
2020-11-22,geo_9,15540,1694,124,327,326,23.086269341177626
2020-11-23,geo_0,13333,628,33,328,327,7.127847995782131
2020-11-23,geo_1,9825,1062,58,328,327,24.038885209458627
2020-11-23,geo_2,14044,1795,119,328,327,32.04999454234563
2020-11-23,geo_3,18454,2293,142,328,327,28.513342473876857
2020-11-23,geo_4,10138,1329,81,328,327,34.0065344799927
2020-11-23,geo_5,9498,1027,67,328,327,21.022386550252406
2020-11-23,geo_6,18317,2129,132,328,327,27.153665336454676
2020-11-23,geo_7,15128,1807,103,328,327,29.55937582099735
2020-11-23,geo_8,8686,1065,66,328,327,29.825860681915856
2020-11-23,geo_9,13729,1585,98,328,327,23.628615967291275
2020-11-24,geo_0,14243,680,58,329,328,7.17539585739753
2020-11-24,geo_1,10344,1231,82,329,328,24.1573515909416
2020-11-24,geo_2,15109,1948,143,329,328,32.349663926653754
2020-11-24,geo_3,18673,2308,164,329,328,28.807149803948718
2020-11-24,geo_4,10143,1310,97,329,328,33.45022720622342
2020-11-24,geo_5,10644,1123,95,329,328,21.823868581196113
2020-11-24,geo_6,19158,2352,187,329,328,27.375510141756468
2020-11-24,geo_7,16064,1979,150,329,328,29.617999195330135
2020-11-24,geo_8,9181,1182,97,329,328,30.19926743948014
2020-11-24,geo_9,14130,1562,125,329,328,23.90647778688969
2020-11-25,geo_0,15839,840,75,330,329,7.715406536748907
2020-11-25,geo_1,12828,1409,107,330,329,24.58183229950206
2020-11-25,geo_2,16463,2038,180,330,329,32.865302797895154
2020-11-25,geo_3,20582,2624,260,330,329,29.640740332839925
2020-11-25,geo_4,12347,1612,136,330,329,34.04737932781554
2020-11-25,geo_5,12274,1315,118,330,329,21.898965343641816
2020-11-25,geo_6,21546,2563,229,330,329,26.972241986350664
2020-11-25,geo_7,17434,2208,220,330,329,30.608801692128534
2020-11-25,geo_8,11610,1418,134,330,329,30.235380482381817
2020-11-25,geo_9,15587,1732,143,330,329,23.82647517060775
2020-11-26,geo_0,17690,868,48,331,330,7.000485371857167
2020-11-26,geo_1,14929,1712,135,331,330,24.90353985780011
2020-11-26,geo_2,18878,2514,208,331,330,33.09342017730737
2020-11-26,geo_3,22415,2628,183,331,330,29.038208019488067
2020-11-26,geo_4,14770,1888,165,331,330,34.42634122156334
2020-11-26,geo_5,14746,1562,114,331,330,21.80219428098066
2020-11-26,geo_6,23574,2866,216,331,330,28.472511766958803
2020-11-26,geo_7,18820,2406,180,331,330,30.477979302594573
2020-11-26,geo_8,13441,1651,129,331,330,30.16975065795972
2020-11-26,geo_9,18266,2053,152,331,330,23.54259966556238
2020-11-27,geo_0,19115,957,56,332,331,7.789835839968314
2020-11-27,geo_1,15777,1838,101,332,331,24.866612108931605
2020-11-27,geo_2,19863,2549,142,332,331,32.88160256342585
2020-11-27,geo_3,23815,2948,173,332,331,29.54364938495366
2020-11-27,geo_4,14469,1947,110,332,331,33.88548165495924
2020-11-27,geo_5,15075,1583,76,332,331,22.264066479722143
2020-11-27,geo_6,24130,2943,175,332,331,29.51526088754653
2020-11-27,geo_7,20070,2506,162,332,331,30.912103175077732
2020-11-27,geo_8,13479,1723,104,332,331,30.63766575625496
2020-11-27,geo_9,18617,2088,115,332,331,24.128110955231968
2020-11-28,geo_0,17790,975,65,333,332,8.79208492103802
2020-11-28,geo_1,14316,1658,80,333,332,25.618021193944543
2020-11-28,geo_2,18290,2427,157,333,332,33.249055188155275
2020-11-28,geo_3,22870,2931,171,333,332,30.144510680082018
2020-11-28,geo_4,13880,1822,111,333,332,33.58883592338682
2020-11-28,geo_5,13689,1483,104,333,332,22.798535030278714
2020-11-28,geo_6,23077,2938,173,333,332,29.161482185459928
2020-11-28,geo_7,18533,2355,151,333,332,30.87638660188197
2020-11-28,geo_8,12406,1572,73,333,332,29.242362478883933
2020-11-28,geo_9,17146,1846,103,333,332,24.4762884417211
2020-11-29,geo_0,15390,913,41,334,333,8.614545506296276
2020-11-29,geo_1,12334,1428,84,334,333,26.31707640998551
2020-11-29,geo_2,15794,2117,124,334,333,33.588766250781816
2020-11-29,geo_3,20304,2536,117,334,333,30.852444814034488
2020-11-29,geo_4,11482,1486,90,334,333,33.19038274128834
2020-11-29,geo_5,11133,1225,65,334,333,23.461073162630402
2020-11-29,geo_6,20164,2508,124,334,333,30.360378530448784
2020-11-29,geo_7,16600,2159,110,334,333,31.40325378355938
2020-11-29,geo_8,10787,1335,70,334,333,29.780545148934596
2020-11-29,geo_9,15608,1761,92,334,333,24.705550085811307
2020-11-30,geo_0,13530,770,54,335,334,8.49363358582427
2020-11-30,geo_1,10238,1197,92,335,334,26.83819990896958
2020-11-30,geo_2,14856,1989,125,335,334,32.97736093835076
2020-11-30,geo_3,19114,2421,150,335,334,30.78644863613023
2020-11-30,geo_4,10483,1344,100,335,334,32.44524696699968
2020-11-30,geo_5,10408,1147,72,335,334,23.24963762390213
2020-11-30,geo_6,19822,2584,171,335,334,30.82436275849621
2020-11-30,geo_7,14935,2011,126,335,334,31.797756319913358
2020-11-30,geo_8,9325,1182,79,335,334,29.94606463864724
2020-11-30,geo_9,13965,1601,102,335,334,24.932237903908426
2020-12-01,geo_0,14748,769,43,336,335,7.689179583803434
2020-12-01,geo_1,11340,1323,75,336,335,26.789520553989554
2020-12-01,geo_2,14789,1923,136,336,335,32.77537266671485
2020-12-01,geo_3,19433,2449,148,336,335,30.596825640533844
2020-12-01,geo_4,10545,1387,63,336,335,32.88250618437511
2020-12-01,geo_5,10959,1188,66,336,335,22.956853886687526
2020-12-01,geo_6,19620,2359,142,336,335,30.66200780898662
2020-12-01,geo_7,15930,2008,115,336,335,30.893075401149602
2020-12-01,geo_8,9307,1137,73,336,335,29.93614983668888
2020-12-01,geo_9,14800,1702,95,336,335,24.526860938131165
2020-12-02,geo_0,16906,926,87,337,336,7.864350659396056
2020-12-02,geo_1,13838,1640,138,337,336,26.448678031336
2020-12-02,geo_2,17469,2311,211,337,336,32.963418230705706
2020-12-02,geo_3,21310,2779,247,337,336,30.661450908044372
2020-12-02,geo_4,12189,1595,148,337,336,33.853109459915835
2020-12-02,geo_5,12978,1414,146,337,336,23.340045288029128
2020-12-02,geo_6,21828,2709,268,337,336,29.87923399496689
2020-12-02,geo_7,17785,2150,214,337,336,30.39656810241963
2020-12-02,geo_8,11348,1431,124,337,336,30.098019901905317
2020-12-02,geo_9,16415,1809,167,337,336,24.19756874252776
2020-12-03,geo_0,18204,837,55,338,337,6.512868235052929
2020-12-03,geo_1,15812,1843,107,338,337,27.255313020846906
2020-12-03,geo_2,18955,2482,166,338,337,33.45643252695731
2020-12-03,geo_3,23778,3040,224,338,337,31.05601008775187
2020-12-03,geo_4,14469,1917,144,338,337,33.681183389287
2020-12-03,geo_5,14923,1673,102,338,337,23.68561914726874
2020-12-03,geo_6,23759,2961,205,338,337,29.66119992189258
2020-12-03,geo_7,20052,2485,169,338,337,30.632058281078187
2020-12-03,geo_8,14098,1714,119,338,337,29.769154104358705
2020-12-03,geo_9,19006,2252,172,338,337,25.088475610846416
2020-12-04,geo_0,19670,863,48,339,338,5.857630053289402
2020-12-04,geo_1,16347,2018,132,339,338,28.000512982776094
2020-12-04,geo_2,20357,2740,165,339,338,33.605966820088206
2020-12-04,geo_3,24560,3030,175,339,338,30.94249657943922
2020-12-04,geo_4,15295,2070,137,339,338,33.89361920405649
2020-12-04,geo_5,15611,1726,105,339,338,24.18122752594761
2020-12-04,geo_6,23999,3002,184,339,338,30.47586702358492
2020-12-04,geo_7,20004,2529,173,339,338,30.918862026573112
2020-12-04,geo_8,14753,1827,108,339,338,29.452437362737182
2020-12-04,geo_9,18968,2115,143,339,338,25.24623037636748
2020-12-05,geo_0,18149,840,47,340,339,6.893136531147258
2020-12-05,geo_1,14944,1831,109,340,339,28.800657321942477
2020-12-05,geo_2,19048,2496,135,340,339,34.18765046694123
2020-12-05,geo_3,23177,2977,151,340,339,31.468761214829517
2020-12-05,geo_4,13835,1827,98,340,339,34.36952849083976
2020-12-05,geo_5,13813,1567,81,340,339,24.886789205399186
2020-12-05,geo_6,23226,2997,150,340,339,30.37604592711341
2020-12-05,geo_7,18540,2349,135,340,339,30.368773431968677
2020-12-05,geo_8,12396,1577,81,340,339,29.612826765657573
2020-12-05,geo_9,17636,1940,107,340,339,24.964607730512718
2020-12-06,geo_0,16054,741,30,341,340,6.4900221500480315
2020-12-06,geo_1,12606,1543,75,341,340,28.564126644970663
2020-12-06,geo_2,16292,2170,101,341,340,35.55489137372928
2020-12-06,geo_3,20724,2686,167,341,340,31.66250279803868
2020-12-06,geo_4,11905,1565,71,341,340,34.67397254999931
2020-12-06,geo_5,11572,1283,70,341,340,24.399097963150457
2020-12-06,geo_6,21287,2609,144,341,340,29.57991934405825
2020-12-06,geo_7,17250,2161,111,341,340,30.083980328815763
2020-12-06,geo_8,11095,1377,46,341,340,30.455124442643825
2020-12-06,geo_9,15368,1744,94,341,340,25.256198503667882
2020-12-07,geo_0,14864,736,33,342,341,6.911063187069875
2020-12-07,geo_1,11324,1341,97,342,341,29.05438256008003
2020-12-07,geo_2,15075,2075,136,342,341,35.3811441154336
2020-12-07,geo_3,19566,2499,157,342,341,32.47948498765206
2020-12-07,geo_4,11049,1486,96,342,341,34.47842570170559
2020-12-07,geo_5,10764,1207,69,342,341,25.22307111394112
2020-12-07,geo_6,20066,2492,173,342,341,29.924138943870044
2020-12-07,geo_7,16142,2034,120,342,341,29.31153127420294
2020-12-07,geo_8,9973,1294,77,342,341,30.20169258322724
2020-12-07,geo_9,14556,1670,99,342,341,24.485528555715533
2020-12-08,geo_0,14879,728,59,343,342,7.611861397368279
2020-12-08,geo_1,11481,1433,115,343,342,29.160417768507273
2020-12-08,geo_2,15491,2100,213,343,342,34.38631007199269
2020-12-08,geo_3,20062,2625,206,343,342,32.787744797970475
2020-12-08,geo_4,11891,1608,120,343,342,34.328133008294614
2020-12-08,geo_5,11763,1371,108,343,342,24.599457643628135
2020-12-08,geo_6,20077,2548,229,343,342,30.883575887441385
2020-12-08,geo_7,16330,2067,184,343,342,29.484654371102472
2020-12-08,geo_8,9796,1178,94,343,342,30.172988287215517
2020-12-08,geo_9,15611,1788,160,343,342,24.405027950302042
2020-12-09,geo_0,17313,799,83,344,343,6.971863276656916
2020-12-09,geo_1,13854,1667,146,344,343,28.624046629977983
2020-12-09,geo_2,17926,2422,215,344,343,35.145586310256135
2020-12-09,geo_3,21990,2842,245,344,343,32.668648252284875
2020-12-09,geo_4,13535,1817,161,344,343,34.45495908468229
2020-12-09,geo_5,12788,1440,125,344,343,23.69308465045735
2020-12-09,geo_6,22334,2831,235,344,343,30.342440986099287
2020-12-09,geo_7,18567,2354,228,344,343,29.906518445573468
2020-12-09,geo_8,12303,1602,137,344,343,30.477364230108794
2020-12-09,geo_9,17097,1996,163,344,343,25.398410651178388
2020-12-10,geo_0,19310,984,70,345,344,7.757542856378717
2020-12-10,geo_1,15331,1828,122,345,344,28.622169700690808
2020-12-10,geo_2,19303,2590,196,345,344,35.49643705161804
2020-12-10,geo_3,24160,3174,240,345,344,32.62572604696702
2020-12-10,geo_4,15497,2150,138,345,344,35.59573378957339
2020-12-10,geo_5,15299,1742,124,345,344,24.38096181266812
2020-12-10,geo_6,24113,3001,221,345,344,30.542727889501528
2020-12-10,geo_7,20253,2520,167,345,344,30.121226837510388
2020-12-10,geo_8,14004,1826,122,345,344,31.312892700013208
2020-12-10,geo_9,19193,2210,162,345,344,25.802453357300273
2020-12-11,geo_0,19062,1063,52,346,345,8.648697769071417
2020-12-11,geo_1,16617,2011,111,346,345,27.636478726009365
2020-12-11,geo_2,20080,2693,155,346,345,35.83906106516756
2020-12-11,geo_3,24747,3217,196,346,345,32.48100326998378
2020-12-11,geo_4,16357,2165,121,346,345,36.58494925851781
2020-12-11,geo_5,15336,1747,79,346,345,25.265187649621538
2020-12-11,geo_6,24167,3024,159,346,345,30.67220395098751
2020-12-11,geo_7,20931,2713,135,346,345,31.001186417622673
2020-12-11,geo_8,14718,1883,104,346,345,32.3152154736849
2020-12-11,geo_9,20073,2342,110,346,345,25.951548883634953
2020-12-12,geo_0,18589,1180,65,347,346,9.994228941879417
2020-12-12,geo_1,15195,1851,113,347,346,27.72967893078858
2020-12-12,geo_2,19143,2545,138,347,346,35.841530415528894
2020-12-12,geo_3,23219,3023,184,347,346,33.02463411647221
2020-12-12,geo_4,14353,2036,137,347,346,36.51682032891315
2020-12-12,geo_5,14427,1674,97,347,346,25.41662399134251
2020-12-12,geo_6,23262,2981,161,347,346,31.487677924157982
2020-12-12,geo_7,19462,2580,136,347,346,31.120657145250142
2020-12-12,geo_8,12980,1709,102,347,346,31.576217363803067
2020-12-12,geo_9,18911,2216,153,347,346,26.244823106390687
2020-12-13,geo_0,16071,980,48,348,347,9.753457751966373
2020-12-13,geo_1,12967,1601,94,348,347,28.26901045723133
2020-12-13,geo_2,16714,2228,128,348,347,36.29716310514006
2020-12-13,geo_3,20826,2781,141,348,347,33.868817577269475
2020-12-13,geo_4,11886,1600,84,348,347,37.077180166385375
2020-12-13,geo_5,12447,1474,72,348,347,26.06833983774774
2020-12-13,geo_6,20934,2731,149,348,347,31.261673797048445
2020-12-13,geo_7,17530,2240,107,348,347,31.630317074481674
2020-12-13,geo_8,11695,1473,67,348,347,32.6667861531219
2020-12-13,geo_9,16634,1881,78,348,347,26.007922990271425
2020-12-14,geo_0,15040,1042,57,349,348,10.758605610704592
2020-12-14,geo_1,11472,1400,68,349,348,28.098947745283006
2020-12-14,geo_2,15949,2186,117,349,348,35.97661525942181
2020-12-14,geo_3,20296,2634,135,349,348,34.123282567430714
2020-12-14,geo_4,10788,1490,73,349,348,37.53964744438322
2020-12-14,geo_5,11270,1309,75,349,348,26.628726986825868
2020-12-14,geo_6,19838,2453,138,349,348,30.88721713081034
2020-12-14,geo_7,16246,2200,126,349,348,31.95315123326181
2020-12-14,geo_8,10559,1385,78,349,348,32.42827528759983
2020-12-14,geo_9,14446,1659,89,349,348,25.368788852139986
2020-12-15,geo_0,15772,1010,103,350,349,10.397514775254448
2020-12-15,geo_1,12300,1503,165,350,349,27.826121173535313
2020-12-15,geo_2,16688,2252,215,350,349,36.34084620197724
2020-12-15,geo_3,20355,2703,279,350,349,34.8037321305377
2020-12-15,geo_4,12105,1701,158,350,349,36.905569383010416
2020-12-15,geo_5,11199,1293,126,350,349,26.907232794327086
2020-12-15,geo_6,20412,2580,271,350,349,30.403269408802846
2020-12-15,geo_7,16050,2015,199,350,349,32.37125123184665
2020-12-15,geo_8,10836,1426,126,350,349,32.21919427084862
2020-12-15,geo_9,15925,1817,186,350,349,24.946449024708087
2020-12-16,geo_0,17235,1134,109,351,350,10.898721978352297
2020-12-16,geo_1,14449,1741,174,351,350,27.633393146563527
2020-12-16,geo_2,17533,2396,240,351,350,36.28439233751691
2020-12-16,geo_3,22339,2941,319,351,350,33.79615831651261
2020-12-16,geo_4,13311,1887,203,351,350,37.47948179356393
2020-12-16,geo_5,13563,1639,161,351,350,27.41832380127573
2020-12-16,geo_6,22407,2763,273,351,350,30.508476619861007
2020-12-16,geo_7,18760,2415,239,351,350,31.709110521251223
2020-12-16,geo_8,12192,1682,166,351,350,32.92427904891189
2020-12-16,geo_9,16985,1911,209,351,350,24.714738763853653
2020-12-17,geo_0,18953,1258,97,352,351,10.771620170024654
2020-12-17,geo_1,15885,1909,129,352,351,28.88835981537538
2020-12-17,geo_2,20544,2856,227,352,351,36.032299478342175
2020-12-17,geo_3,24728,3351,230,352,351,34.26786542967449
2020-12-17,geo_4,15922,2198,170,352,351,37.85937773361194
2020-12-17,geo_5,15770,1858,143,352,351,27.712259722951416
2020-12-17,geo_6,24729,3133,266,352,351,30.75013556022217
2020-12-17,geo_7,20863,2740,189,352,351,31.997149653926655
2020-12-17,geo_8,14468,1887,135,352,351,33.15886681249942
2020-12-17,geo_9,19357,2250,155,352,351,24.788400162661787
2020-12-18,geo_0,19580,1319,80,353,352,11.625142115582685
2020-12-18,geo_1,16411,1976,109,353,352,28.329290368219297
2020-12-18,geo_2,20576,2770,174,353,352,36.64105679976648
2020-12-18,geo_3,24959,3258,213,353,352,34.77792669693566
2020-12-18,geo_4,16141,2313,142,353,352,38.30574490970826
2020-12-18,geo_5,15794,1871,109,353,352,28.367917068155858
2020-12-18,geo_6,24875,3200,196,353,352,30.802781555510258
2020-12-18,geo_7,21637,2732,174,353,352,31.16080834085878
2020-12-18,geo_8,14704,1963,117,353,352,33.219659711085264
2020-12-18,geo_9,19903,2256,133,353,352,24.390728321773732
2020-12-19,geo_0,18747,1324,80,354,353,11.355506812444162
2020-12-19,geo_1,15094,1814,131,354,353,27.803765322203976
2020-12-19,geo_2,18760,2496,174,354,353,36.498824161863396
2020-12-19,geo_3,23668,3156,208,354,353,34.5769025241241
2020-12-19,geo_4,14745,2024,154,354,353,37.21255307836173
2020-12-19,geo_5,14781,1837,118,354,353,28.813621123108284
2020-12-19,geo_6,24168,3224,202,354,353,32.010284833144475
2020-12-19,geo_7,19254,2446,139,354,353,31.560482281073362
2020-12-19,geo_8,13852,1795,110,354,353,33.213566130294694
2020-12-19,geo_9,18838,2061,149,354,353,24.459693582827693
2020-12-20,geo_0,16129,1120,58,355,354,11.239833311001371
2020-12-20,geo_1,13462,1667,100,355,354,27.943005371243103
2020-12-20,geo_2,16911,2297,134,355,354,36.57528280856246
2020-12-20,geo_3,21789,2927,166,355,354,34.25217589912176
2020-12-20,geo_4,12236,1724,114,355,354,38.14812622727066
2020-12-20,geo_5,12905,1596,102,355,354,28.164172975142293
2020-12-20,geo_6,21508,2749,169,355,354,32.46530203198154
2020-12-20,geo_7,18225,2299,128,355,354,31.60495994347035
2020-12-20,geo_8,10978,1493,92,355,354,34.257889747474984
2020-12-20,geo_9,16479,1890,97,355,354,24.72498879579522
2020-12-21,geo_0,15050,989,64,356,355,11.153338880627903
2020-12-21,geo_1,12218,1459,95,356,355,27.912018550060168
2020-12-21,geo_2,15710,2110,130,356,355,36.68883569875659
2020-12-21,geo_3,20352,2742,179,356,355,33.77520300642019
2020-12-21,geo_4,11828,1647,125,356,355,37.85746923633345
2020-12-21,geo_5,11643,1343,83,356,355,27.364478777400155
2020-12-21,geo_6,20096,2648,172,356,355,32.098289101825415
2020-12-21,geo_7,16391,2027,139,356,355,31.745624876256024
2020-12-21,geo_8,10800,1437,87,356,355,34.50053697483025
2020-12-21,geo_9,15761,1743,119,356,355,23.82882514314589
2020-12-22,geo_0,16039,1075,97,357,356,11.176946408394612
2020-12-22,geo_1,12077,1415,148,357,356,28.285353224751983
2020-12-22,geo_2,16220,2222,219,357,356,36.699732305084744
2020-12-22,geo_3,20824,2705,247,357,356,33.55147333639745
2020-12-22,geo_4,12226,1686,171,357,356,37.74293054233234
2020-12-22,geo_5,11912,1385,136,357,356,27.185638993463684
2020-12-22,geo_6,21043,2614,253,357,356,31.873140832502937
2020-12-22,geo_7,17500,2269,220,357,356,31.924999996978308
2020-12-22,geo_8,10591,1448,146,357,356,35.74570780320911
2020-12-22,geo_9,16022,1766,185,357,356,23.549230849719464
2020-12-23,geo_0,17496,1156,119,358,357,11.108961803495362
2020-12-23,geo_1,14152,1646,179,358,357,28.350014417920427
2020-12-23,geo_2,18320,2504,242,358,357,36.44727942079998
2020-12-23,geo_3,23009,3067,293,358,357,34.19261760045801
2020-12-23,geo_4,13463,1818,159,358,357,36.64791127077601
2020-12-23,geo_5,13687,1516,143,358,357,27.010532838216747
2020-12-23,geo_6,23445,3007,295,358,357,32.374375780622145
2020-12-23,geo_7,18569,2372,215,358,357,31.86928647877241
2020-12-23,geo_8,12701,1678,166,358,357,35.42549920375404
2020-12-23,geo_9,18290,2020,224,358,357,23.860737707458338
2020-12-24,geo_0,20165,1427,120,359,358,11.652213703859893
2020-12-24,geo_1,16773,2072,223,359,358,28.54484224497771
2020-12-24,geo_2,20400,2748,295,359,358,36.136885624425204
2020-12-24,geo_3,24883,3396,340,359,358,34.51172881124417
2020-12-24,geo_4,15753,2189,250,359,358,36.53631093581632
2020-12-24,geo_5,16152,1894,202,359,358,27.472550609022846
2020-12-24,geo_6,24650,3220,349,359,358,33.20706592048605
2020-12-24,geo_7,21034,2556,243,359,358,30.65682257984994
2020-12-24,geo_8,14802,2052,205,359,358,35.57024706873067
2020-12-24,geo_9,19836,2176,227,359,358,23.08299232922649
2020-12-25,geo_0,19750,1479,91,360,359,12.962303827410537
2020-12-25,geo_1,16434,1965,125,360,359,28.399411229034662
2020-12-25,geo_2,21085,2830,221,360,359,36.599402840785245
2020-12-25,geo_3,25029,3276,227,360,359,34.584186356868834
2020-12-25,geo_4,16911,2279,134,360,359,36.22331494946034
2020-12-25,geo_5,17075,2028,125,360,359,27.10007040397502
2020-12-25,geo_6,25616,3389,215,360,359,34.09007212650549
2020-12-25,geo_7,21156,2739,175,360,359,31.224229239443755
2020-12-25,geo_8,15302,2079,136,360,359,36.63037729333975
2020-12-25,geo_9,20878,2306,151,360,359,23.19995572968935
2020-12-26,geo_0,18608,1468,78,361,360,13.194698519670428
2020-12-26,geo_1,15284,1814,97,361,360,28.35369056446873
2020-12-26,geo_2,19712,2681,133,361,360,36.54443023572011
2020-12-26,geo_3,24505,3263,182,361,360,34.152590066848
2020-12-26,geo_4,15578,2167,117,361,360,36.353110940933874
2020-12-26,geo_5,14837,1758,96,361,360,26.79323801695659
2020-12-26,geo_6,24587,3329,185,361,360,34.400423975796876
2020-12-26,geo_7,19830,2565,144,361,360,31.397908966352446
2020-12-26,geo_8,13791,1885,106,361,360,36.861802863649494
2020-12-26,geo_9,19560,2143,132,361,360,24.125996134225666
2020-12-27,geo_0,16602,1314,69,362,361,13.263638290955875
2020-12-27,geo_1,13161,1602,87,362,361,28.81929707521438
2020-12-27,geo_2,17009,2424,153,362,361,37.658116367659666
2020-12-27,geo_3,22504,3040,195,362,361,34.894603079868766
2020-12-27,geo_4,13510,1866,103,362,361,37.016855183062766
2020-12-27,geo_5,13188,1541,94,362,361,26.727053316407435
2020-12-27,geo_6,22345,3009,177,362,361,34.603999832757346
2020-12-27,geo_7,17598,2262,122,362,361,30.826807577804615
2020-12-27,geo_8,11879,1676,93,362,361,37.19821459380608
2020-12-27,geo_9,16517,1918,113,362,361,24.351065230546308
2020-12-28,geo_0,14790,1081,84,363,362,13.362619373290293
2020-12-28,geo_1,12269,1593,132,363,362,29.419630481806223
2020-12-28,geo_2,16633,2274,186,363,362,37.14164935903935
2020-12-28,geo_3,19990,2699,214,363,362,35.80022349391263
2020-12-28,geo_4,11420,1553,128,363,362,37.55439040900743
2020-12-28,geo_5,11506,1380,105,363,362,26.778389222782454
2020-12-28,geo_6,20415,2631,229,363,362,34.617873588416806
2020-12-28,geo_7,17274,2113,168,363,362,31.154638333324836
2020-12-28,geo_8,10527,1422,108,363,362,38.04508941911071
2020-12-28,geo_9,15539,1684,139,363,362,24.48919763702164
2020-12-29,geo_0,16304,1271,121,364,363,13.521539904585802
2020-12-29,geo_1,12399,1530,142,364,363,29.515044720683292
2020-12-29,geo_2,16500,2264,220,364,363,38.11969779919897
2020-12-29,geo_3,20902,2858,260,364,363,35.70358353589453
2020-12-29,geo_4,12377,1656,161,364,363,37.62590884444029
2020-12-29,geo_5,12891,1528,140,364,363,27.596379298819325
2020-12-29,geo_6,21559,2902,257,364,363,34.77922994206697
2020-12-29,geo_7,17229,2160,217,364,363,31.81030843233723
2020-12-29,geo_8,11386,1654,167,364,363,37.67551884738964
2020-12-29,geo_9,15905,1759,170,364,363,24.473496308055747
2020-12-30,geo_0,17514,1422,157,365,364,14.350406011034478
2020-12-30,geo_1,14389,1759,177,365,364,29.262975490139315
2020-12-30,geo_2,18345,2525,271,365,364,38.13082828326981
2020-12-30,geo_3,23204,3246,315,365,364,35.91946911088777
2020-12-30,geo_4,14222,1965,203,365,364,37.2173496912586
2020-12-30,geo_5,14732,1754,179,365,364,27.47549235944544
2020-12-30,geo_6,23438,3178,319,365,364,34.923140440571615
2020-12-30,geo_7,19285,2525,245,365,364,31.92053328136565
2020-12-30,geo_8,12290,1749,204,365,364,38.401510782926714
2020-12-30,geo_9,17532,1976,185,365,364,25.330913726853694
2020-12-31,geo_0,19961,1573,131,366,365,14.008884555634584
2020-12-31,geo_1,16540,2028,158,366,365,29.404583081305187
2020-12-31,geo_2,21072,2985,237,366,365,38.55460414125561
2020-12-31,geo_3,24682,3390,249,366,365,36.765056375158395
2020-12-31,geo_4,15764,2242,187,366,365,37.66248577198052
2020-12-31,geo_5,16250,1978,165,366,365,27.70684000640634
2020-12-31,geo_6,25016,3438,282,366,365,35.34387436324127
2020-12-31,geo_7,21020,2796,231,366,365,32.344173226572345
2020-12-31,geo_8,15350,2146,157,366,365,38.0233426870663
2020-12-31,geo_9,19724,2265,189,366,365,25.513873779115556
2021-01-01,geo_0,20641,1725,92,1,366,14.824986033329475
2021-01-01,geo_1,17064,2065,129,1,366,29.386878028540288
2021-01-01,geo_2,20797,2931,184,1,366,38.70597916630274
2021-01-01,geo_3,25498,3535,203,1,366,36.7312116817664
2021-01-01,geo_4,16873,2289,143,1,366,36.59144695624041
2021-01-01,geo_5,16779,2052,139,1,366,27.80302604118839
2021-01-01,geo_6,26132,3722,238,1,366,35.58223298524603
2021-01-01,geo_7,21482,2739,168,1,366,32.174682059170436
2021-01-01,geo_8,16165,2225,124,1,366,37.53171326290568
2021-01-01,geo_9,20351,2258,145,1,366,25.16013120523344
2021-01-02,geo_0,19467,1712,104,2,367,15.293728928625834
2021-01-02,geo_1,15967,2011,143,2,367,30.459241042401544
2021-01-02,geo_2,20262,2887,220,2,367,39.483975840711146
2021-01-02,geo_3,23974,3259,209,2,367,36.14658163889863
2021-01-02,geo_4,14835,1947,134,2,367,37.104778717330575
2021-01-02,geo_5,15203,1853,120,2,367,27.557462973220822
2021-01-02,geo_6,24827,3461,245,2,367,35.37869161158347
2021-01-02,geo_7,20581,2654,198,2,367,32.03057824213224
2021-01-02,geo_8,14645,2039,147,2,367,37.97056266295191
2021-01-02,geo_9,19115,2222,145,2,367,25.726446714839796
2021-01-03,geo_0,16679,1393,87,3,368,15.33161847329182
2021-01-03,geo_1,13177,1672,100,3,368,30.505060671961658
2021-01-03,geo_2,18115,2674,173,3,368,39.80314409613792
2021-01-03,geo_3,22462,3078,226,3,368,36.51838050211116
2021-01-03,geo_4,13750,1950,126,3,368,37.77916380545223
2021-01-03,geo_5,13155,1537,102,3,368,27.00154923437259
2021-01-03,geo_6,22604,3053,216,3,368,35.476556218329215
2021-01-03,geo_7,18367,2392,166,3,368,31.583706723176274
2021-01-03,geo_8,12006,1667,107,3,368,38.03116098015061
2021-01-03,geo_9,17717,1995,133,3,368,25.700304002847773
2021-01-04,geo_0,15977,1324,120,4,369,15.395532266096803
2021-01-04,geo_1,13066,1615,131,4,369,30.19192524037682
2021-01-04,geo_2,16507,2353,174,4,369,39.1469196021261
2021-01-04,geo_3,20208,2743,230,4,369,35.5593507272174
2021-01-04,geo_4,11899,1666,146,4,369,37.80022661029434
2021-01-04,geo_5,12623,1465,130,4,369,26.872701577657125
2021-01-04,geo_6,20779,2759,193,4,369,35.22682593549546
2021-01-04,geo_7,17218,2255,211,4,369,32.33250610248804
2021-01-04,geo_8,11103,1536,138,4,369,37.6878910960257
2021-01-04,geo_9,16174,1880,178,4,369,26.49604959104751
2021-01-05,geo_0,16848,1464,153,5,370,16.295252884399677
2021-01-05,geo_1,12584,1579,162,5,370,29.303718016301055
2021-01-05,geo_2,16883,2398,237,5,370,39.28104173152234
2021-01-05,geo_3,21216,2819,253,5,370,35.44820696017265
2021-01-05,geo_4,12742,1672,174,5,370,36.43148403083717
2021-01-05,geo_5,12296,1447,137,5,370,26.237540358334016
2021-01-05,geo_6,21611,2913,318,5,370,35.703048318226266
2021-01-05,geo_7,18002,2401,234,5,370,33.43014248631081
2021-01-05,geo_8,11845,1615,199,5,370,38.22618469704969
2021-01-05,geo_9,16048,1887,214,5,370,26.745704834817715
2021-01-06,geo_0,18035,1623,179,6,371,16.373021575221028
2021-01-06,geo_1,15598,1962,210,6,371,30.23292459188683
2021-01-06,geo_2,18330,2684,287,6,371,40.44372982899353
2021-01-06,geo_3,22941,3065,328,6,371,35.244132796628406
2021-01-06,geo_4,14164,1925,218,6,371,35.51928164669338
2021-01-06,geo_5,14681,1625,200,6,371,25.276237537123087
2021-01-06,geo_6,23074,3141,336,6,371,36.45338620251545
2021-01-06,geo_7,20368,2633,303,6,371,33.4952878333422
2021-01-06,geo_8,13306,1868,206,6,371,38.405390200750944
2021-01-06,geo_9,18696,2245,261,6,371,25.938854773030556
2021-01-07,geo_0,19993,1736,160,7,372,16.085622949712548
2021-01-07,geo_1,16899,2127,196,7,372,30.173815435891477
2021-01-07,geo_2,21209,3043,313,7,372,40.63697961612292
2021-01-07,geo_3,25562,3443,359,7,372,35.13495275259364
2021-01-07,geo_4,16912,2279,237,7,372,35.089164851546265
2021-01-07,geo_5,16636,1871,167,7,372,24.972500359362712
2021-01-07,geo_6,26034,3617,387,7,372,37.147714464958135
2021-01-07,geo_7,21734,2903,287,7,372,33.707117772648616
2021-01-07,geo_8,15549,2121,209,7,372,38.79980678514902
2021-01-07,geo_9,20155,2327,229,7,372,25.578654600475907
2021-01-08,geo_0,20511,1683,125,8,373,14.698791489678193
2021-01-08,geo_1,17350,2184,180,8,373,30.00177338689899
2021-01-08,geo_2,21894,3122,233,8,373,40.293910722441844
2021-01-08,geo_3,25745,3561,282,8,373,35.400468438117976
2021-01-08,geo_4,16888,2254,163,8,373,36.82145102356489
2021-01-08,geo_5,17622,2044,138,8,373,25.40950769803103
2021-01-08,geo_6,26660,3661,281,8,373,38.606755242085484
2021-01-08,geo_7,22467,2978,224,8,373,34.08182709924013
2021-01-08,geo_8,15740,2222,154,8,373,38.57407779474147
2021-01-08,geo_9,21025,2468,177,8,373,25.84273422977831
2021-01-09,geo_0,18966,1633,109,9,374,15.68019750084852
2021-01-09,geo_1,16036,2107,128,9,374,31.00706484791567
2021-01-09,geo_2,19800,2754,166,9,374,40.097466371314695
2021-01-09,geo_3,24459,3289,233,9,374,35.61908664826647
2021-01-09,geo_4,15863,2253,142,9,374,36.1972409988262
2021-01-09,geo_5,15986,1895,125,9,374,25.912265440319146
2021-01-09,geo_6,24635,3491,208,9,374,39.475510671572664
2021-01-09,geo_7,21110,2880,213,9,374,34.193060462286574
2021-01-09,geo_8,14699,2017,146,9,374,38.33059664753149
2021-01-09,geo_9,19634,2260,139,9,374,26.113928185936587
2021-01-10,geo_0,17249,1481,106,10,375,15.981140395818898
2021-01-10,geo_1,13697,1762,114,10,375,31.13926646312122
2021-01-10,geo_2,18143,2633,156,10,375,40.27917663649893
2021-01-10,geo_3,22656,3085,176,10,375,35.62534387589793
2021-01-10,geo_4,13122,1855,93,10,375,36.786760341462404
2021-01-10,geo_5,13310,1533,89,10,375,26.371921056453836
2021-01-10,geo_6,22723,3189,187,10,375,39.07717610823213
2021-01-10,geo_7,19099,2498,150,10,375,33.78022851880713
2021-01-10,geo_8,12337,1715,121,10,375,38.294736153529335
2021-01-10,geo_9,17908,2007,128,10,375,26.57460241301534
2021-01-11,geo_0,16519,1393,113,11,376,16.148627440982462
2021-01-11,geo_1,13351,1698,142,11,376,30.910558036094212
2021-01-11,geo_2,17175,2494,205,11,376,40.50353547779609
2021-01-11,geo_3,21395,2948,214,11,376,35.55436107093343
2021-01-11,geo_4,12567,1785,137,11,376,37.31978134319622
2021-01-11,geo_5,12788,1482,98,11,376,26.631228060841167
2021-01-11,geo_6,21461,3075,234,11,376,39.014012533536985
2021-01-11,geo_7,17185,2304,193,11,376,33.989699596785805
2021-01-11,geo_8,10456,1436,121,11,376,39.04481988600445
2021-01-11,geo_9,16650,1964,157,11,376,26.38328856959103
2021-01-12,geo_0,16709,1492,152,12,377,16.444775364369843
2021-01-12,geo_1,12831,1646,194,12,377,30.96954712296686
2021-01-12,geo_2,17514,2501,295,12,377,40.811990013462825
2021-01-12,geo_3,21494,3043,339,12,377,35.32287619033237
2021-01-12,geo_4,12585,1811,191,12,377,37.46907801421092
2021-01-12,geo_5,13375,1579,172,12,377,27.279268671938453
2021-01-12,geo_6,21596,2990,330,12,377,38.64136047015387
2021-01-12,geo_7,17674,2304,274,12,377,33.42007352117901
2021-01-12,geo_8,11820,1683,168,12,377,38.49299981340838
2021-01-12,geo_9,16900,1915,176,12,377,25.89282021783434
2021-01-13,geo_0,18248,1659,137,13,378,16.83873131010668
2021-01-13,geo_1,15754,2033,188,13,378,30.362302070935005
2021-01-13,geo_2,19169,2738,223,13,378,40.75948213240989
2021-01-13,geo_3,23397,3207,304,13,378,35.72930851616788
2021-01-13,geo_4,14744,2014,181,13,378,37.77300062810223
2021-01-13,geo_5,14906,1748,145,13,378,27.18208228126848
2021-01-13,geo_6,23654,3338,302,13,378,38.8341646846632
2021-01-13,geo_7,20332,2689,232,13,378,33.570201529514236
2021-01-13,geo_8,13924,1911,185,13,378,38.476247733110824
2021-01-13,geo_9,19198,2258,186,13,378,25.88374131739912
2021-01-14,geo_0,20207,1890,204,14,379,18.054325410987826
2021-01-14,geo_1,17883,2277,233,14,379,30.864218356144217
2021-01-14,geo_2,21348,3081,328,14,379,42.097835860582585
2021-01-14,geo_3,25460,3456,383,14,379,35.57971706762504
2021-01-14,geo_4,16532,2298,243,14,379,37.82768494508978
2021-01-14,geo_5,16351,1938,216,14,379,26.613187030014547
2021-01-14,geo_6,26073,3664,420,14,379,38.528326976540704
2021-01-14,geo_7,22046,2928,337,14,379,34.619303828691045
2021-01-14,geo_8,15354,2151,240,14,379,38.31216981663305
2021-01-14,geo_9,21020,2493,277,14,379,26.941307235395573
2021-01-15,geo_0,20814,1903,141,15,380,17.53221919737052
2021-01-15,geo_1,17890,2241,177,15,380,30.43642847973966
2021-01-15,geo_2,21863,3215,244,15,380,42.02694561295074
2021-01-15,geo_3,26489,3590,245,15,380,35.64844423873408
2021-01-15,geo_4,17826,2430,186,15,380,38.38807840032155
2021-01-15,geo_5,17531,1998,138,15,380,26.93742206384332
2021-01-15,geo_6,26534,3716,276,15,380,38.42082801695259
2021-01-15,geo_7,22173,3006,194,15,380,34.652490777162825
2021-01-15,geo_8,16527,2310,170,15,380,38.25125582485795
2021-01-15,geo_9,21233,2498,181,15,380,26.58360094592887
2021-01-16,geo_0,19380,1786,134,16,381,17.189612674493777
2021-01-16,geo_1,16063,2051,163,16,381,31.05110370120714
2021-01-16,geo_2,20657,2993,229,16,381,41.21439126020319
2021-01-16,geo_3,24910,3463,245,16,381,36.5595443172097
2021-01-16,geo_4,16457,2342,170,16,381,38.31721801736221
2021-01-16,geo_5,15919,1897,129,16,381,26.651804507011335
2021-01-16,geo_6,25157,3437,240,16,381,38.89318595121873
2021-01-16,geo_7,21323,2852,200,16,381,35.49674882931884
2021-01-16,geo_8,15020,2124,168,16,381,38.91047223455582
2021-01-16,geo_9,19750,2288,166,16,381,26.935948402934784
2021-01-17,geo_0,17707,1619,119,17,382,17.83632174167094
2021-01-17,geo_1,14220,1794,124,17,382,30.295478523865416
2021-01-17,geo_2,18635,2692,187,17,382,41.0569093518383
2021-01-17,geo_3,22767,3137,217,17,382,36.20830201876993
2021-01-17,geo_4,14370,2053,128,17,382,39.03206263653462
2021-01-17,geo_5,14245,1661,130,17,382,26.562590767946574
2021-01-17,geo_6,23201,3199,230,17,382,39.420290600487725
2021-01-17,geo_7,18568,2527,208,17,382,35.86823459464099
2021-01-17,geo_8,12751,1802,129,17,382,38.581603040224635
2021-01-17,geo_9,17866,2109,167,17,382,26.745793979526372
2021-01-18,geo_0,16114,1525,122,18,383,18.588509299952978
2021-01-18,geo_1,13520,1690,117,18,383,30.01234953317555
2021-01-18,geo_2,17727,2674,177,18,383,41.22478093374278
2021-01-18,geo_3,21664,2966,198,18,383,35.923396144090525
2021-01-18,geo_4,12902,1901,120,18,383,38.979598613010126
2021-01-18,geo_5,12368,1404,101,18,383,26.644021883053586
2021-01-18,geo_6,21759,3015,221,18,383,39.13528188948746
2021-01-18,geo_7,17168,2397,147,18,383,35.49357522780204
2021-01-18,geo_8,11688,1672,117,18,383,38.82900612883304
2021-01-18,geo_9,17011,2021,139,18,383,26.428752265034632
2021-01-19,geo_0,17208,1551,145,19,384,18.290556121716794
2021-01-19,geo_1,13408,1683,183,19,384,29.649518909120037
2021-01-19,geo_2,17416,2535,235,19,384,41.29336474227515
2021-01-19,geo_3,21977,2980,274,19,384,36.50373024800445
2021-01-19,geo_4,13418,1955,178,19,384,39.83945661824214
2021-01-19,geo_5,13754,1583,153,19,384,26.387656544632893
2021-01-19,geo_6,22610,3243,340,19,384,40.31898153911239
2021-01-19,geo_7,18148,2527,238,19,384,35.09888947873492
2021-01-19,geo_8,12019,1686,169,19,384,39.47712353513566
2021-01-19,geo_9,16926,1920,194,19,384,26.175328876226043
2021-01-20,geo_0,18446,1735,129,20,385,17.964658773373873
2021-01-20,geo_1,15595,1966,156,20,385,29.386011611841937
2021-01-20,geo_2,19746,2907,230,20,385,41.37687071797989
2021-01-20,geo_3,24294,3342,268,20,385,36.904410885717525
2021-01-20,geo_4,15586,2283,173,20,385,40.28315707316106
2021-01-20,geo_5,14756,1661,139,20,385,26.02443049078248
2021-01-20,geo_6,24137,3547,309,20,385,39.93490865650179
2021-01-20,geo_7,20196,2767,231,20,385,34.750431433572
2021-01-20,geo_8,13548,1912,142,20,385,39.529957120548744
2021-01-20,geo_9,19327,2212,171,20,385,26.179865602961748
2021-01-21,geo_0,20585,1899,191,21,386,17.60141194649663
2021-01-21,geo_1,17952,2308,212,21,386,29.63194644732154
2021-01-21,geo_2,21284,3178,314,21,386,42.620165004947665
2021-01-21,geo_3,26397,3724,329,21,386,36.7650478101574
2021-01-21,geo_4,17365,2519,205,21,386,40.17742763768972
2021-01-21,geo_5,17008,2022,206,21,386,26.415287769303166
2021-01-21,geo_6,26050,3745,340,21,386,39.768558667568705
2021-01-21,geo_7,22627,3044,275,21,386,35.197057765137856
2021-01-21,geo_8,16644,2347,223,21,386,39.281451280834645
2021-01-21,geo_9,20856,2535,241,21,386,27.207817597122002
2021-01-22,geo_0,21827,2081,163,22,387,17.88800084669896
2021-01-22,geo_1,18673,2301,196,22,387,29.43541352973843
2021-01-22,geo_2,22489,3266,266,22,387,42.44019311421832
2021-01-22,geo_3,26852,3785,298,22,387,36.623527449937065
2021-01-22,geo_4,17909,2553,193,22,387,40.97717226638593
2021-01-22,geo_5,17637,2049,156,22,387,25.894282079687105
2021-01-22,geo_6,27055,3847,297,22,387,39.55003219031232
2021-01-22,geo_7,22977,3061,244,22,387,35.030738486173895
2021-01-22,geo_8,16832,2330,174,22,387,39.38671062373069
2021-01-22,geo_9,21536,2615,215,22,387,27.186516533363562
2021-01-23,geo_0,20489,1818,125,23,388,17.25902854487125
2021-01-23,geo_1,17309,2107,156,23,388,29.35140549920346
2021-01-23,geo_2,20749,3145,205,23,388,42.507235618451716
2021-01-23,geo_3,25579,3591,262,23,388,36.42732342160442
2021-01-23,geo_4,16329,2363,165,23,388,41.436352236829
2021-01-23,geo_5,16900,2003,131,23,388,26.469778538993666
2021-01-23,geo_6,25467,3630,278,23,388,39.62874995700328
2021-01-23,geo_7,21334,2977,202,23,388,35.26296709413287
2021-01-23,geo_8,15854,2165,139,23,388,38.42170268789241
2021-01-23,geo_9,20265,2339,165,23,388,27.092660248796832
2021-01-24,geo_0,18382,1689,106,24,389,17.88059653465151
2021-01-24,geo_1,14886,1827,114,24,389,29.258090126442262
2021-01-24,geo_2,18903,2757,193,24,389,42.25794195678972
2021-01-24,geo_3,23111,3135,184,24,389,37.68655425407847
2021-01-24,geo_4,14519,2101,125,24,389,42.464180269710084
2021-01-24,geo_5,14245,1621,111,24,389,26.821855452438417
2021-01-24,geo_6,23143,3263,212,24,389,40.31865928783029
2021-01-24,geo_7,19043,2634,165,24,389,34.26947954900507
2021-01-24,geo_8,12962,1798,120,24,389,38.145938372723
2021-01-24,geo_9,18781,2190,133,24,389,26.97689309728977
2021-01-25,geo_0,17353,1584,116,25,390,17.88434997651768
2021-01-25,geo_1,13355,1618,140,25,390,29.13409101146361
2021-01-25,geo_2,17633,2564,185,25,390,41.10485624263501
2021-01-25,geo_3,21758,2991,252,25,390,38.00256596105945
2021-01-25,geo_4,13162,1926,142,25,390,42.85686428516775
2021-01-25,geo_5,13482,1629,139,25,390,27.7436618193928
2021-01-25,geo_6,22456,3156,267,25,390,40.04757317718693
2021-01-25,geo_7,17798,2427,190,25,390,33.956471492625454
2021-01-25,geo_8,12296,1693,140,25,390,36.92651901362444
2021-01-25,geo_9,16803,1928,144,25,390,26.951908997478043
2021-01-26,geo_0,18028,1712,149,26,391,18.459301863638128
2021-01-26,geo_1,13742,1644,139,26,391,28.9518156916894
2021-01-26,geo_2,18325,2652,223,26,391,42.30116259642804
2021-01-26,geo_3,22665,3099,273,26,391,37.99994780933593
2021-01-26,geo_4,13751,2107,190,26,391,43.0538505682911
2021-01-26,geo_5,13330,1562,136,26,391,27.1856004403554
2021-01-26,geo_6,23085,3260,289,26,391,40.31693324611573
2021-01-26,geo_7,18258,2389,188,26,391,33.09154481360561
2021-01-26,geo_8,12808,1687,141,26,391,37.3965678755129
2021-01-26,geo_9,17347,2040,169,26,391,27.438576125712643
2021-01-27,geo_0,19151,1889,203,27,392,19.266057435333057
2021-01-27,geo_1,16399,1986,211,27,392,28.568136628715628
2021-01-27,geo_2,19797,2938,301,27,392,42.5087455633676
2021-01-27,geo_3,23991,3312,389,27,392,38.41027721435829
2021-01-27,geo_4,15223,2231,240,27,392,43.401175628936244
2021-01-27,geo_5,15659,1877,215,27,392,26.879135064984617
2021-01-27,geo_6,24976,3590,368,27,392,39.24943559772711
2021-01-27,geo_7,20974,2802,294,27,392,33.39247940033091
2021-01-27,geo_8,13949,1895,211,27,392,37.44620568890979
2021-01-27,geo_9,19440,2248,238,27,392,27.28240897676601
2021-01-28,geo_0,21084,2058,200,28,393,19.77791026246819
2021-01-28,geo_1,17750,2211,210,28,393,28.674734906812184
2021-01-28,geo_2,22198,3208,301,28,393,41.97922441610592
2021-01-28,geo_3,26723,3758,377,28,393,37.575771059168524
2021-01-28,geo_4,17229,2552,242,28,393,42.96562835029129
2021-01-28,geo_5,17425,2040,185,28,393,28.20457558745779
2021-01-28,geo_6,26151,3649,346,28,393,39.74211771803863
2021-01-28,geo_7,23183,2983,257,28,393,33.617017805246576
2021-01-28,geo_8,17067,2410,197,28,393,37.48400652632651
2021-01-28,geo_9,21050,2554,225,28,393,27.288652210430456
2021-01-29,geo_0,21666,2220,192,29,394,20.49421004492253
2021-01-29,geo_1,19084,2323,186,29,394,28.56129886845451
2021-01-29,geo_2,23007,3374,276,29,394,42.40058690924698
2021-01-29,geo_3,26944,3691,274,29,394,37.53562782698433
2021-01-29,geo_4,17943,2589,197,29,394,44.067442118315434
2021-01-29,geo_5,17859,2174,201,29,394,28.707455314981587
2021-01-29,geo_6,27447,3948,329,29,394,40.499042214416576
2021-01-29,geo_7,23256,3063,225,29,394,33.45787444645216
2021-01-29,geo_8,16732,2374,185,29,394,38.14450039798185
2021-01-29,geo_9,22110,2581,210,29,394,27.26512614077376
2021-01-30,geo_0,20136,2080,182,30,395,20.684797068136756
2021-01-30,geo_1,17651,2212,177,30,395,29.51353420448191
2021-01-30,geo_2,21109,3076,243,30,395,42.01497382208501
2021-01-30,geo_3,25287,3556,290,30,395,37.77421984051873
2021-01-30,geo_4,16899,2562,210,30,395,44.42102713659437
2021-01-30,geo_5,16707,1980,152,30,395,29.102039916497002
2021-01-30,geo_6,26847,3881,308,30,395,40.41069509013127
2021-01-30,geo_7,22155,2964,214,30,395,34.63694362017759
2021-01-30,geo_8,15517,2244,170,30,395,37.63130051603199
2021-01-30,geo_9,21010,2495,202,30,395,28.130200613682916
2021-01-31,geo_0,18254,1923,135,31,396,21.43080817784385
2021-01-31,geo_1,15677,2011,132,31,396,30.601580384589194
2021-01-31,geo_2,19401,2820,182,31,396,41.3595478043128
2021-01-31,geo_3,23579,3230,211,31,396,37.479710946234775
2021-01-31,geo_4,14561,2181,144,31,396,45.304468569643745
2021-01-31,geo_5,14777,1831,112,31,396,28.3009902652199
2021-01-31,geo_6,24273,3489,221,31,396,39.747451115165184
2021-01-31,geo_7,19958,2624,136,31,396,34.53164343091286
2021-01-31,geo_8,13311,1777,122,31,396,37.86444419857286
2021-01-31,geo_9,18670,2417,158,31,396,29.064854958586864
2021-02-01,geo_0,17504,1799,128,32,397,21.479597690189337
2021-02-01,geo_1,14609,1871,115,32,397,30.43798812319023
2021-02-01,geo_2,17591,2522,183,32,397,41.65687891593099
2021-02-01,geo_3,22277,3093,216,32,397,37.85739057243811
2021-02-01,geo_4,13428,2021,137,32,397,45.6654811076088
2021-02-01,geo_5,13961,1674,117,32,397,28.352389811173488
2021-02-01,geo_6,22196,3165,226,32,397,38.912869740306746
2021-02-01,geo_7,18352,2440,162,32,397,34.214641284603424
2021-02-01,geo_8,12727,1787,113,32,397,38.714642383151485
2021-02-01,geo_9,16983,2147,136,32,397,29.299876748641267
2021-02-02,geo_0,18137,1888,190,33,398,21.46273322144825
2021-02-02,geo_1,14604,1920,201,33,398,31.140555005815965
2021-02-02,geo_2,18415,2689,234,33,398,41.236435357070356
2021-02-02,geo_3,22967,3227,333,33,398,37.89060269218327
2021-02-02,geo_4,14186,2142,230,33,398,45.87770540043362
2021-02-02,geo_5,13635,1654,196,33,398,28.27504617329805
2021-02-02,geo_6,23238,3230,319,33,398,39.10921932456475
2021-02-02,geo_7,19534,2588,266,33,398,34.26558235060402
2021-02-02,geo_8,13176,1906,202,33,398,38.15797902496307
2021-02-02,geo_9,17687,2167,236,33,398,29.535078495473545
2021-02-03,geo_0,19680,2093,243,34,399,20.945952392423745
2021-02-03,geo_1,16595,2177,261,34,399,31.369824673367688
2021-02-03,geo_2,20632,2998,358,34,399,42.071121032738304
2021-02-03,geo_3,24926,3379,410,34,399,37.89900668835559
2021-02-03,geo_4,16460,2424,274,34,399,45.43828556660824
2021-02-03,geo_5,15741,1887,222,34,399,28.35787402187846
2021-02-03,geo_6,24986,3363,381,34,399,38.842233054030736
2021-02-03,geo_7,21037,2882,336,34,399,34.71063148803978
2021-02-03,geo_8,14921,2113,248,34,399,38.22996246140222
2021-02-03,geo_9,19940,2463,311,34,399,30.537422778111218
